email,phone,first_name,last_name,is_artist,is_host
sociis.natoque@rutrumeu.co.uk,(602) 876-0855,Raja,Cameran,Yes,No
orci.adipiscing@etmagnis.net,1-336-540-7142,Heather,Iola,No,Yes
erat.nonummy.ultricies@ametorci.net,(703) 621-7824,Felix,Xanthus,No,Yes
natoque@enimsuspendisse.co.uk,1-927-385-1355,Basil,Drake,No,Yes
dolor.sit@justositamet.ca,1-344-902-8657,Yoshi,Ross,No,No
aliquam.eros.turpis@necdiam.co.uk,(465) 644-7638,Jenna,Moses,No,Yes
auctor.quis@convallisantelectus.net,(311) 265-6365,Whoopi,Macon,Yes,No
nascetur.ridiculus.mus@feugiat.com,1-527-170-1344,Grady,Yuri,No,No
ullamcorper@feugiatmetussit.co.uk,(314) 679-4201,Kai,Camille,Yes,Yes
elit.pede@nibhdonec.net,(751) 858-4064,Ezra,Yuli,Yes,No
eleifend.cras.sed@scelerisquelorem.net,(491) 211-6928,Oliver,Alexander,No,No
aliquam.ornare@tellus.co.uk,1-949-485-6876,Gwendolyn,Raymond,No,No
morbi.vehicula.pellentesque@euismodenim.edu,1-536-448-7553,Solomon,Christine,No,Yes
ridiculus@aliquetmolestietellus.edu,(742) 968-9086,Keaton,Bertha,Yes,Yes
nec.malesuada@quisque.edu,1-647-824-5174,Rinah,Erica,Yes,No
aliquet.molestie@sagittisnullamvitae.net,1-284-870-8784,Rylee,Harding,No,Yes
sed.pede@magnaphasellusdolor.edu,1-678-817-3081,Tyler,Kareem,Yes,Yes
suspendisse.ac@vitaeorci.com,1-898-321-3728,Alyssa,Timothy,No,No
mauris.suspendisse.aliquet@nequeseddictum.net,1-166-657-1495,Julie,Brody,Yes,No
erat.vivamus@tempuslorem.org,(388) 547-0815,Autumn,Preston,Yes,Yes
sed.neque@quislectus.edu,1-238-365-8753,Fredericka,Maryam,Yes,Yes
mattis.cras.eget@cursuspurusnullam.com,1-640-277-2517,Hyatt,Wang,No,Yes
at.lacus@aliquet.co.uk,1-482-792-2179,Branden,Riley,Yes,No
per.inceptos.hymenaeos@afeugiat.co.uk,(237) 817-9122,Risa,Rahim,Yes,Yes
odio@magnasedeu.ca,1-271-677-1401,Bruce,Yvonne,No,Yes
mollis.nec@tinciduntadipiscing.edu,1-946-345-5169,Zorita,Ulysses,Yes,No
interdum.nunc@morbiaccumsan.edu,(474) 583-8657,TaShya,Tasha,Yes,No
nisi@diamsed.ca,(625) 621-3306,Kadeem,Samson,Yes,No
aliquam.adipiscing.lacus@dolorquisquetincidunt.net,1-173-621-6157,Imani,Quemby,Yes,No
libero@ipsumnonarcu.edu,(750) 571-8787,Brooke,Paloma,Yes,Yes
ipsum.dolor.sit@consectetuer.net,(575) 918-5323,Desiree,Felicia,Yes,Yes
parturient.montes.nascetur@blandit.com,(765) 434-7128,Eagan,Leandra,Yes,No
curabitur.vel@risus.ca,(297) 770-2725,Aurora,Hop,Yes,Yes
iaculis.lacus@utodio.com,(822) 881-3474,Trevor,Quynn,No,Yes
tempor.augue@duiaugueeu.net,(638) 142-0752,Kermit,Travis,No,No
ut.tincidunt@donecnibhquisque.edu,(121) 387-6272,Mark,Sigourney,No,No
ipsum@liberoet.com,1-611-793-2635,Cooper,Walker,No,Yes
sed.id@rutrumlorem.net,(589) 783-4853,Cassidy,Noble,Yes,No
at.pede.cras@orciin.net,(160) 228-4585,Carl,Cherokee,Yes,No
tristique@nullainteger.edu,1-251-784-4889,Sean,Merritt,No,Yes
amet.metus@eunullaat.co.uk,1-446-906-1445,Cameron,Marcia,No,Yes
orci.donec@nuncest.com,1-358-964-3918,Summer,Laurel,No,No
curabitur.vel.lectus@enimmitempor.com,(936) 156-3352,Sasha,Ivory,Yes,Yes
nullam.scelerisque@nonegestasa.edu,1-294-962-1378,Hayes,Noelle,No,Yes
ullamcorper@auctor.co.uk,1-228-637-6204,Emily,Abel,No,No
urna@loremluctusut.ca,1-612-452-4721,Zena,Silas,No,No
euismod.et@cursuspurusnullam.org,1-472-272-4154,Vivien,Richard,Yes,Yes
ipsum@inat.edu,1-469-428-3209,Kimberly,Lysandra,No,No
nisl.sem@tellusjustosit.ca,1-592-262-4508,Kareem,Leonard,No,No
ante.dictum@eu.co.uk,(327) 460-6171,James,Keely,No,Yes
lacus.etiam@auctor.ca,1-822-923-9000,Carlos,Kareem,No,Yes
vulputate.mauris.sagittis@antedictum.com,1-571-292-7481,Hoyt,Nadine,Yes,No
consectetuer.rhoncus.nullam@ullamcorper.co.uk,1-895-825-3387,Nasim,Whilemina,Yes,No
auctor.ullamcorper@magnasuspendisse.com,1-686-325-0788,Sharon,Ursula,Yes,Yes
ut.pellentesque@cursus.edu,(524) 374-7368,Tanek,Trevor,No,Yes
suscipit@velitaliquamnisl.org,(721) 328-6206,Faith,Mollie,No,Yes
eu@diameudolor.edu,(935) 819-8546,Rudyard,Kirby,Yes,Yes
dis.parturient@arcu.edu,1-563-147-2913,Marvin,Karyn,No,Yes
penatibus.et@lobortisquis.ca,1-248-773-1785,Anjolie,Mufutau,No,No
ante.iaculis@hendreritneque.edu,(570) 892-8344,Addison,Jael,Yes,Yes
id.nunc@mauris.co.uk,1-342-885-6131,Adrienne,Brett,Yes,Yes
dignissim.lacus@arcu.edu,1-181-967-0718,Jordan,Marny,No,No
nam.interdum@natoque.org,1-796-432-7875,Yardley,Fay,Yes,Yes
taciti.sociosqu@etrutrumeu.edu,1-513-372-0622,Malik,Dolan,No,Yes
in.magna@molestiesodalesmauris.co.uk,1-438-433-0578,Prescott,Reuben,No,Yes
quisque.porttitor.eros@eleifendegestas.edu,(903) 325-8781,Kameko,Tanek,No,Yes
arcu.vel.quam@sagittisnullamvitae.ca,(330) 570-1598,Ryder,Vance,No,No
sapien.molestie@est.com,(457) 403-5377,Jael,Kalia,No,Yes
tellus.nunc.lectus@dolor.co.uk,1-921-653-7283,Adrian,Palmer,Yes,Yes
quis.pede@idenim.edu,1-282-606-8836,Fiona,Jacob,No,Yes
vulputate.risus@uteros.edu,(178) 265-6657,Noel,Nash,No,No
a.sollicitudin@inceptos.com,(872) 791-3388,Madeson,Xenos,No,Yes
quisque.purus@auctornonfeugiat.ca,(462) 857-9371,Latifah,Sasha,Yes,No
sapien.gravida@esttempor.edu,1-825-267-8801,Hasad,Piper,Yes,Yes
dui.semper@magnaaneque.co.uk,(331) 346-8262,Amos,Jemima,No,Yes
egestas.hendrerit.neque@dignissimpharetra.edu,1-639-695-3518,Cade,Moses,No,Yes
sed.facilisis@elit.net,1-157-596-4143,Rhea,Tana,No,Yes
nulla@portaelit.com,1-875-635-0223,Jamal,Joseph,No,Yes
malesuada.fames@lorem.org,1-444-283-5346,Freya,Denton,Yes,No
mauris.suspendisse@mi.edu,(485) 617-1683,Carissa,Maxine,No,No
litora.torquent.per@risusnullaeget.ca,(367) 397-4456,Declan,Demetrius,No,Yes
justo.praesent.luctus@sedeu.net,1-411-856-2544,Hyatt,McKenzie,Yes,No
duis.volutpat@tristiquepharetraquisque.org,1-528-539-5225,Jordan,Alfreda,No,No
amet@tincidunt.net,1-956-524-0136,Tana,Warren,No,No
tristique.senectus@acnulla.net,(557) 641-7802,Maisie,Raya,Yes,Yes
justo@in.com,1-724-591-3361,Chelsea,Amber,Yes,Yes
lectus.cum@non.ca,1-283-352-9823,Juliet,Octavius,No,No
et.risus.quisque@nec.org,(811) 420-8235,Sebastian,Nina,Yes,No
elit.curabitur.sed@aliquamornarelibero.co.uk,(658) 654-2271,Hu,Winifred,No,Yes
sem.ut@magnased.ca,(674) 801-6330,Abraham,Violet,No,No
molestie.in@aliquam.co.uk,(643) 394-5656,Aristotle,Ralph,Yes,No
arcu.vestibulum@mollisnec.edu,(245) 686-7050,Tatiana,Orli,No,No
tincidunt.tempus.risus@tellusaenean.net,1-281-213-7635,Ryder,Odysseus,Yes,No
morbi.neque@vitaemaurissit.com,1-848-341-1384,Vanna,Chase,No,Yes
nec.mauris@purusmaurisa.edu,(546) 281-7860,Cyrus,Bianca,No,Yes
cum@sed.org,(754) 538-6481,Freya,Maris,Yes,Yes
tincidunt@nullam.edu,(187) 817-9633,Jocelyn,Barrett,No,Yes
quisque.ornare@ultrices.edu,(575) 377-2354,Ulric,Uma,Yes,No
semper.egestas@duismi.co.uk,(785) 952-2489,Caesar,Allistair,No,Yes
ac.arcu@liberolacusvarius.com,(846) 218-9624,Akeem,Chaim,Yes,Yes