id,password,last_login,is_superuser,email,phone,first_name,last_name,is_artist,is_host,created_at,is_active,activated_at,is_staff
4,pbkdf2_sha256$10000$T0BzrDwfZSrI$pSgvDEam9V9jcdYpYDVkYMMwtSnRrFdf6Aqow82Tjr8=,2021-01-26 02:20:28,1,ligula.consectetuer@amet.org,1-445-219-8322,Hammett,West,1,0,2022-01-06 19:22:33,TRUE,2021-04-03 04:43:02,1
5,pbkdf2_sha256$10000$T0BzrDwfZSrI$pSgvDEam9V9jcdYpYDVkYMMwtSnRrFdf6Aqow82Tjr8=,2022-05-26 22:12:47,0,nulla@nisl.com,1-459-484-6648,Moana,Wolf,1,0,2021-12-25 21:02:53,FALSE,2022-08-14 12:46:13,0
6,pbkdf2_sha256$10000$T0BzrDwfZSrI$pSgvDEam9V9jcdYpYDVkYMMwtSnRrFdf6Aqow82Tjr8=,2022-01-23 13:33:34,0,erat.volutpat@adui.com,(475) 308-9562,Irma,Santana,0,0,2022-09-09 22:11:19,TRUE,2021-03-05 06:16:39,0
7,pbkdf2_sha256$10000$T0BzrDwfZSrI$pSgvDEam9V9jcdYpYDVkYMMwtSnRrFdf6Aqow82Tjr8=,2020-12-13 14:06:31,1,molestie.tortor@necorci.ca,(426) 397-0120,Wade,Wiley,0,1,2022-02-28 05:33:22,TRUE,2020-11-29 22:26:48,0
8,pbkdf2_sha256$10000$T0BzrDwfZSrI$pSgvDEam9V9jcdYpYDVkYMMwtSnRrFdf6Aqow82Tjr8=,2021-06-23 05:46:02,0,odio.etiam@curae.org,(983) 531-0278,Lael,Rice,1,0,2021-03-13 15:01:37,TRUE,2022-03-08 11:27:17,0
9,pbkdf2_sha256$10000$T0BzrDwfZSrI$pSgvDEam9V9jcdYpYDVkYMMwtSnRrFdf6Aqow82Tjr8=,2021-03-24 21:46:25,1,quam@lectusrutrum.co.uk,1-287-688-6468,Armand,Jackson,0,1,2022-03-16 08:04:40,FALSE,2022-02-02 05:08:40,1
10,pbkdf2_sha256$10000$T0BzrDwfZSrI$pSgvDEam9V9jcdYpYDVkYMMwtSnRrFdf6Aqow82Tjr8=,2021-06-03 11:33:41,1,nisi.mauris@egestas.com,(454) 507-3084,Kasimir,Howard,0,1,2022-01-05 08:31:41,TRUE,2022-06-04 23:37:11,1
11,pbkdf2_sha256$10000$T0BzrDwfZSrI$pSgvDEam9V9jcdYpYDVkYMMwtSnRrFdf6Aqow82Tjr8=,2021-08-03 03:21:42,0,molestie.in@vitaeodio.ca,1-367-661-4879,Madison,Trevino,1,1,2022-06-21 09:07:32,TRUE,2022-10-05 00:19:06,1
12,pbkdf2_sha256$10000$T0BzrDwfZSrI$pSgvDEam9V9jcdYpYDVkYMMwtSnRrFdf6Aqow82Tjr8=,2022-03-20 01:47:10,1,arcu.sed@odio.ca,1-675-903-2260,Helen,Ortiz,0,1,2021-02-10 16:09:51,FALSE,2022-08-18 20:37:07,0
13,pbkdf2_sha256$10000$T0BzrDwfZSrI$pSgvDEam9V9jcdYpYDVkYMMwtSnRrFdf6Aqow82Tjr8=,2020-12-31 21:27:57,0,nulla.eu.neque@duisatlacus.edu,1-105-306-1030,Evan,Reilly,1,0,2021-08-01 19:56:33,TRUE,2021-02-10 23:25:26,1
14,pbkdf2_sha256$10000$T0BzrDwfZSrI$pSgvDEam9V9jcdYpYDVkYMMwtSnRrFdf6Aqow82Tjr8=,2022-02-28 16:15:08,1,massa@maurissagittisplacerat.org,(745) 594-5727,Idola,Battle,1,1,2022-06-14 10:31:27,FALSE,2022-08-30 11:47:19,1
15,pbkdf2_sha256$10000$T0BzrDwfZSrI$pSgvDEam9V9jcdYpYDVkYMMwtSnRrFdf6Aqow82Tjr8=,2022-05-14 15:35:29,0,sed.consequat@at.com,1-481-287-5518,Asher,Wise,1,0,2020-11-27 23:16:03,TRUE,2021-12-22 15:49:27,0
16,pbkdf2_sha256$10000$T0BzrDwfZSrI$pSgvDEam9V9jcdYpYDVkYMMwtSnRrFdf6Aqow82Tjr8=,2022-08-14 16:09:49,1,nec@auctormaurisvel.co.uk,(971) 253-3272,Colin,Bryan,1,0,2022-10-07 22:44:18,TRUE,2022-07-13 11:41:10,1
17,pbkdf2_sha256$10000$T0BzrDwfZSrI$pSgvDEam9V9jcdYpYDVkYMMwtSnRrFdf6Aqow82Tjr8=,2022-02-27 16:28:39,0,pellentesque.ut@morbi.org,1-327-724-8170,Iliana,Padilla,0,1,2021-03-25 15:43:49,TRUE,2022-06-24 13:55:54,1
18,pbkdf2_sha256$10000$T0BzrDwfZSrI$pSgvDEam9V9jcdYpYDVkYMMwtSnRrFdf6Aqow82Tjr8=,2022-10-24 04:13:04,1,tristique@phaselluselit.com,(285) 345-0106,Audra,Mccray,1,1,2021-01-19 07:10:39,TRUE,2022-08-17 08:27:24,1
19,pbkdf2_sha256$10000$T0BzrDwfZSrI$pSgvDEam9V9jcdYpYDVkYMMwtSnRrFdf6Aqow82Tjr8=,2021-03-12 00:36:09,1,vitae.odio@elitetiamlaoreet.co.uk,(851) 224-0631,Joelle,Hyde,0,0,2022-07-31 01:26:23,TRUE,2020-11-22 07:03:44,1
20,pbkdf2_sha256$10000$T0BzrDwfZSrI$pSgvDEam9V9jcdYpYDVkYMMwtSnRrFdf6Aqow82Tjr8=,2020-12-15 02:32:14,1,sed.pharetra@nibh.edu,1-196-518-6778,Sean,Wallace,0,1,2020-11-04 01:46:09,TRUE,2020-10-29 02:11:52,1
21,pbkdf2_sha256$10000$T0BzrDwfZSrI$pSgvDEam9V9jcdYpYDVkYMMwtSnRrFdf6Aqow82Tjr8=,2022-01-31 19:56:22,1,eu.tempor.erat@eudolor.com,(825) 772-0340,Cora,Ingram,0,0,2021-03-10 15:27:47,TRUE,2021-10-20 01:23:00,1
22,pbkdf2_sha256$10000$T0BzrDwfZSrI$pSgvDEam9V9jcdYpYDVkYMMwtSnRrFdf6Aqow82Tjr8=,2021-09-20 02:14:42,1,dui.semper@cras.org,1-794-548-3254,Celeste,Savage,0,1,2021-10-25 02:13:56,TRUE,2021-08-01 15:19:29,0
23,pbkdf2_sha256$10000$T0BzrDwfZSrI$pSgvDEam9V9jcdYpYDVkYMMwtSnRrFdf6Aqow82Tjr8=,2022-06-15 17:09:01,0,praesent.eu@fringilla.net,(676) 841-2138,Jena,Woods,1,1,2022-07-25 22:34:45,FALSE,2022-09-25 10:11:34,1
24,pbkdf2_sha256$10000$T0BzrDwfZSrI$pSgvDEam9V9jcdYpYDVkYMMwtSnRrFdf6Aqow82Tjr8=,2021-04-23 08:37:58,0,est@ametdapibus.com,(404) 410-8161,Steven,Blake,1,0,2022-03-16 19:28:55,FALSE,2021-10-03 12:55:30,0
25,pbkdf2_sha256$10000$T0BzrDwfZSrI$pSgvDEam9V9jcdYpYDVkYMMwtSnRrFdf6Aqow82Tjr8=,2020-11-17 18:53:39,0,ornare.facilisis@ultricies.org,(767) 538-5668,David,Dale,0,0,2021-01-27 16:08:34,TRUE,2021-05-05 04:25:07,1
26,pbkdf2_sha256$10000$T0BzrDwfZSrI$pSgvDEam9V9jcdYpYDVkYMMwtSnRrFdf6Aqow82Tjr8=,2021-04-23 04:37:31,0,elementum@netuset.co.uk,1-547-512-6514,Anjolie,Norman,1,1,2021-08-06 04:04:50,FALSE,2022-09-01 17:32:16,1
27,pbkdf2_sha256$10000$T0BzrDwfZSrI$pSgvDEam9V9jcdYpYDVkYMMwtSnRrFdf6Aqow82Tjr8=,2022-01-17 14:42:19,1,accumsan.neque@fermentum.co.uk,1-944-602-6484,Willow,Maddox,0,1,2022-07-23 14:08:58,FALSE,2022-10-21 20:48:59,0
28,pbkdf2_sha256$10000$T0BzrDwfZSrI$pSgvDEam9V9jcdYpYDVkYMMwtSnRrFdf6Aqow82Tjr8=,2022-09-21 22:52:05,1,ipsum.cursus@magnapraesentinterdum.edu,1-488-210-3028,Katelyn,Sloan,1,1,2021-01-24 12:09:14,FALSE,2021-02-24 01:50:36,1
29,pbkdf2_sha256$10000$T0BzrDwfZSrI$pSgvDEam9V9jcdYpYDVkYMMwtSnRrFdf6Aqow82Tjr8=,2021-09-19 22:28:02,0,augue.porttitor@varius.edu,(691) 408-5036,Aspen,Hewitt,1,0,2022-02-02 07:36:23,TRUE,2021-10-24 06:29:44,0
30,pbkdf2_sha256$10000$T0BzrDwfZSrI$pSgvDEam9V9jcdYpYDVkYMMwtSnRrFdf6Aqow82Tjr8=,2022-04-16 03:50:45,1,ipsum@feugiatnec.co.uk,1-427-917-5573,Liberty,Finley,1,1,2022-07-13 12:40:59,FALSE,2021-02-11 16:29:14,0
31,pbkdf2_sha256$10000$T0BzrDwfZSrI$pSgvDEam9V9jcdYpYDVkYMMwtSnRrFdf6Aqow82Tjr8=,2021-10-13 14:32:00,0,iaculis.aliquet@fermentumconvallis.com,(972) 591-2271,Keelie,Lopez,0,1,2021-07-26 07:23:03,FALSE,2021-03-16 18:23:43,1
32,pbkdf2_sha256$10000$T0BzrDwfZSrI$pSgvDEam9V9jcdYpYDVkYMMwtSnRrFdf6Aqow82Tjr8=,2022-05-29 01:50:32,0,mus.proin.vel@hendrerit.org,1-755-497-2697,Karly,Wood,1,1,2022-04-14 19:13:43,FALSE,2021-10-12 20:14:27,1
33,pbkdf2_sha256$10000$T0BzrDwfZSrI$pSgvDEam9V9jcdYpYDVkYMMwtSnRrFdf6Aqow82Tjr8=,2020-10-31 03:56:46,1,eu.tellus.phasellus@estnunc.org,(803) 927-1718,Rafael,Conway,1,0,2022-08-23 13:03:13,TRUE,2021-07-14 22:06:41,1
34,pbkdf2_sha256$10000$T0BzrDwfZSrI$pSgvDEam9V9jcdYpYDVkYMMwtSnRrFdf6Aqow82Tjr8=,2021-01-11 14:18:39,0,odio@diamat.org,1-460-116-0926,Ralph,Dotson,0,1,2021-05-17 06:56:13,FALSE,2022-09-20 11:26:38,0
35,pbkdf2_sha256$10000$T0BzrDwfZSrI$pSgvDEam9V9jcdYpYDVkYMMwtSnRrFdf6Aqow82Tjr8=,2022-01-25 20:01:15,0,et.rutrum@nequevenenatis.ca,1-768-677-5810,Kiayada,Schmidt,0,0,2021-04-27 08:53:30,FALSE,2022-01-02 20:19:25,0
36,pbkdf2_sha256$10000$T0BzrDwfZSrI$pSgvDEam9V9jcdYpYDVkYMMwtSnRrFdf6Aqow82Tjr8=,2022-10-20 04:45:32,0,a@maurisaliquam.net,1-374-446-3864,William,Mcintyre,0,1,2021-11-03 01:34:51,FALSE,2021-12-01 06:15:21,1
37,pbkdf2_sha256$10000$T0BzrDwfZSrI$pSgvDEam9V9jcdYpYDVkYMMwtSnRrFdf6Aqow82Tjr8=,2021-02-23 15:59:24,1,varius.et@molestiesedid.ca,(296) 136-0035,Wade,Baldwin,1,0,2021-09-15 18:19:05,TRUE,2022-05-06 06:53:30,0
38,pbkdf2_sha256$10000$T0BzrDwfZSrI$pSgvDEam9V9jcdYpYDVkYMMwtSnRrFdf6Aqow82Tjr8=,2021-01-08 08:52:33,1,pharetra.sed@morbitristique.net,1-572-141-4354,Fallon,Terrell,1,1,2021-08-23 01:30:08,TRUE,2021-01-16 14:49:32,1
39,pbkdf2_sha256$10000$T0BzrDwfZSrI$pSgvDEam9V9jcdYpYDVkYMMwtSnRrFdf6Aqow82Tjr8=,2021-08-26 20:39:35,0,semper@quisdiampellentesque.org,1-362-976-6718,Anika,Trujillo,0,1,2021-05-05 10:15:51,TRUE,2021-05-23 08:21:33,1
40,pbkdf2_sha256$10000$T0BzrDwfZSrI$pSgvDEam9V9jcdYpYDVkYMMwtSnRrFdf6Aqow82Tjr8=,2021-09-12 21:13:42,1,est@ullamcorpereu.ca,(225) 552-3651,Dustin,Guerrero,1,0,2021-04-02 02:26:40,TRUE,2020-12-07 18:27:25,1
41,pbkdf2_sha256$10000$T0BzrDwfZSrI$pSgvDEam9V9jcdYpYDVkYMMwtSnRrFdf6Aqow82Tjr8=,2021-06-15 19:29:16,1,dui.nec@necanteblandit.co.uk,1-681-767-3781,Yolanda,Dudley,0,1,2020-12-02 17:31:56,FALSE,2022-04-18 19:47:38,0
42,pbkdf2_sha256$10000$T0BzrDwfZSrI$pSgvDEam9V9jcdYpYDVkYMMwtSnRrFdf6Aqow82Tjr8=,2021-05-02 01:40:23,0,dolor.tempus@etultricesposuere.ca,1-395-556-7729,Nora,Cleveland,0,1,2022-01-26 10:00:23,FALSE,2021-09-29 14:45:58,1
43,pbkdf2_sha256$10000$T0BzrDwfZSrI$pSgvDEam9V9jcdYpYDVkYMMwtSnRrFdf6Aqow82Tjr8=,2021-07-05 20:09:31,0,auctor.mauris@mattis.net,1-354-308-7162,Jordan,Fisher,0,0,2020-10-30 01:38:31,FALSE,2021-08-27 03:13:12,1
44,pbkdf2_sha256$10000$T0BzrDwfZSrI$pSgvDEam9V9jcdYpYDVkYMMwtSnRrFdf6Aqow82Tjr8=,2022-04-02 17:46:49,1,sollicitudin.commodo@mieleifendegestas.co.uk,(477) 752-1491,Gary,Perry,1,0,2021-12-08 11:50:01,TRUE,2021-09-01 04:59:42,0
45,pbkdf2_sha256$10000$T0BzrDwfZSrI$pSgvDEam9V9jcdYpYDVkYMMwtSnRrFdf6Aqow82Tjr8=,2021-04-11 17:24:29,1,mauris.nulla@nunc.co.uk,1-747-881-6116,Aurora,Chavez,0,0,2021-03-09 01:47:00,FALSE,2021-09-24 16:36:23,0
46,pbkdf2_sha256$10000$T0BzrDwfZSrI$pSgvDEam9V9jcdYpYDVkYMMwtSnRrFdf6Aqow82Tjr8=,2021-06-07 10:26:22,1,mauris.elit@metus.co.uk,1-397-647-1079,Isaac,Snyder,1,1,2021-02-07 17:58:18,FALSE,2021-04-08 14:14:03,1
47,pbkdf2_sha256$10000$T0BzrDwfZSrI$pSgvDEam9V9jcdYpYDVkYMMwtSnRrFdf6Aqow82Tjr8=,2022-04-19 23:38:57,1,et@odioaliquamvulputate.edu,(656) 856-5091,Alfreda,Frank,0,1,2021-04-12 14:47:41,TRUE,2022-10-10 18:02:37,1
48,pbkdf2_sha256$10000$T0BzrDwfZSrI$pSgvDEam9V9jcdYpYDVkYMMwtSnRrFdf6Aqow82Tjr8=,2021-05-28 14:39:06,1,interdum.libero@facilisislorem.ca,(577) 435-6518,Hunter,Casey,0,0,2020-11-07 15:05:45,FALSE,2021-12-19 18:38:46,1
49,pbkdf2_sha256$10000$T0BzrDwfZSrI$pSgvDEam9V9jcdYpYDVkYMMwtSnRrFdf6Aqow82Tjr8=,2022-10-04 14:17:44,1,adipiscing.elit@consectetuermauris.com,1-520-381-7638,Vance,Mack,0,0,2022-06-08 16:29:19,TRUE,2021-10-28 18:11:15,0
50,pbkdf2_sha256$10000$T0BzrDwfZSrI$pSgvDEam9V9jcdYpYDVkYMMwtSnRrFdf6Aqow82Tjr8=,2021-05-18 01:50:56,0,velit.quisque.varius@semmolestie.org,(220) 663-8527,Richard,Scott,1,1,2021-03-18 16:31:21,FALSE,2022-10-10 12:04:51,0
51,pbkdf2_sha256$10000$T0BzrDwfZSrI$pSgvDEam9V9jcdYpYDVkYMMwtSnRrFdf6Aqow82Tjr8=,2022-08-04 18:40:58,0,in.sodales@ornaretortor.com,(455) 252-4616,Reagan,Lindsay,0,1,2022-01-22 02:13:06,TRUE,2022-01-09 11:44:51,1
52,pbkdf2_sha256$10000$T0BzrDwfZSrI$pSgvDEam9V9jcdYpYDVkYMMwtSnRrFdf6Aqow82Tjr8=,2021-01-25 14:06:45,0,dolor.sit@velitpellentesque.net,1-784-796-1087,Lenore,Spence,0,0,2021-10-28 06:26:41,FALSE,2022-05-25 18:50:41,1
53,pbkdf2_sha256$10000$T0BzrDwfZSrI$pSgvDEam9V9jcdYpYDVkYMMwtSnRrFdf6Aqow82Tjr8=,2021-01-03 04:26:07,1,malesuada.fames@etmagnisdis.ca,(252) 320-8089,Hakeem,Chan,1,0,2020-12-18 09:07:59,TRUE,2022-05-05 04:00:00,1
54,pbkdf2_sha256$10000$T0BzrDwfZSrI$pSgvDEam9V9jcdYpYDVkYMMwtSnRrFdf6Aqow82Tjr8=,2021-02-12 04:12:42,0,eget.metus@convallisliguladonec.org,(889) 184-4072,Maxwell,Holden,0,0,2020-12-12 22:16:10,TRUE,2021-02-16 04:21:07,0
55,pbkdf2_sha256$10000$T0BzrDwfZSrI$pSgvDEam9V9jcdYpYDVkYMMwtSnRrFdf6Aqow82Tjr8=,2022-02-11 12:52:06,1,duis.a.mi@augue.ca,1-987-216-2847,Adena,Benson,0,1,2022-07-17 05:48:29,TRUE,2021-02-18 15:29:00,0
56,pbkdf2_sha256$10000$T0BzrDwfZSrI$pSgvDEam9V9jcdYpYDVkYMMwtSnRrFdf6Aqow82Tjr8=,2021-10-20 05:31:41,1,cum.sociis@elit.co.uk,(247) 550-3793,Burke,Branch,1,1,2021-08-24 11:43:42,FALSE,2021-09-21 07:09:56,0
57,pbkdf2_sha256$10000$T0BzrDwfZSrI$pSgvDEam9V9jcdYpYDVkYMMwtSnRrFdf6Aqow82Tjr8=,2021-05-22 16:43:04,0,sed.nunc@quisque.ca,1-614-564-7848,Kamal,Zimmerman,0,0,2021-05-31 14:26:43,TRUE,2022-06-21 12:46:08,1
58,pbkdf2_sha256$10000$T0BzrDwfZSrI$pSgvDEam9V9jcdYpYDVkYMMwtSnRrFdf6Aqow82Tjr8=,2021-04-18 21:06:56,0,curabitur.ut.odio@facilisisedneque.net,(620) 457-6275,Reece,Rodgers,0,1,2022-06-02 01:22:10,TRUE,2021-05-29 15:21:35,0
59,pbkdf2_sha256$10000$T0BzrDwfZSrI$pSgvDEam9V9jcdYpYDVkYMMwtSnRrFdf6Aqow82Tjr8=,2020-12-01 05:46:13,0,sagittis.augue.eu@consequatauctornunc.edu,(601) 676-2454,Asher,Armstrong,1,0,2022-03-15 12:54:32,FALSE,2021-10-17 10:04:52,1
60,pbkdf2_sha256$10000$T0BzrDwfZSrI$pSgvDEam9V9jcdYpYDVkYMMwtSnRrFdf6Aqow82Tjr8=,2021-01-21 22:36:29,1,fermentum.arcu.vestibulum@dictumcursus.net,(669) 928-3373,Jakeem,Anderson,1,0,2022-06-05 13:33:13,TRUE,2022-02-14 23:58:47,1
61,pbkdf2_sha256$10000$T0BzrDwfZSrI$pSgvDEam9V9jcdYpYDVkYMMwtSnRrFdf6Aqow82Tjr8=,2021-04-16 03:05:07,1,morbi.quis.urna@morbinonsapien.org,1-575-631-6216,Brynne,Fuentes,0,0,2021-04-12 03:16:41,TRUE,2022-08-15 10:14:12,1
62,pbkdf2_sha256$10000$T0BzrDwfZSrI$pSgvDEam9V9jcdYpYDVkYMMwtSnRrFdf6Aqow82Tjr8=,2021-09-27 15:13:29,0,fringilla.mi@elit.co.uk,(243) 921-6868,Sigourney,Molina,0,1,2021-04-12 08:19:50,TRUE,2022-01-08 18:35:32,1
63,pbkdf2_sha256$10000$T0BzrDwfZSrI$pSgvDEam9V9jcdYpYDVkYMMwtSnRrFdf6Aqow82Tjr8=,2022-01-01 19:42:42,1,pellentesque.massa.lobortis@semperauctor.edu,1-421-657-5776,Kaseem,Malone,1,1,2021-04-01 01:26:50,FALSE,2021-08-07 16:46:55,1
64,pbkdf2_sha256$10000$T0BzrDwfZSrI$pSgvDEam9V9jcdYpYDVkYMMwtSnRrFdf6Aqow82Tjr8=,2021-11-13 00:42:03,0,venenatis.lacus@nibhlacinia.co.uk,1-315-562-4553,Denise,Garner,0,1,2021-10-06 22:32:41,FALSE,2021-08-14 20:02:03,1
65,pbkdf2_sha256$10000$T0BzrDwfZSrI$pSgvDEam9V9jcdYpYDVkYMMwtSnRrFdf6Aqow82Tjr8=,2021-03-13 20:24:01,0,phasellus@sagittisfelis.edu,1-113-743-2328,Scarlet,Hutchinson,0,0,2022-04-02 09:19:41,FALSE,2021-10-31 15:34:48,0
66,pbkdf2_sha256$10000$T0BzrDwfZSrI$pSgvDEam9V9jcdYpYDVkYMMwtSnRrFdf6Aqow82Tjr8=,2021-04-14 07:01:52,1,est.vitae@euplacerateget.edu,1-516-514-1348,Lyle,Bell,1,0,2020-12-31 10:50:13,TRUE,2021-01-03 10:11:20,0
67,pbkdf2_sha256$10000$T0BzrDwfZSrI$pSgvDEam9V9jcdYpYDVkYMMwtSnRrFdf6Aqow82Tjr8=,2021-11-29 18:53:52,1,lectus@sitamet.net,1-548-973-1581,Travis,Doyle,1,1,2022-03-25 08:56:01,TRUE,2021-02-18 10:48:53,0
68,pbkdf2_sha256$10000$T0BzrDwfZSrI$pSgvDEam9V9jcdYpYDVkYMMwtSnRrFdf6Aqow82Tjr8=,2021-06-28 13:07:15,0,pellentesque@felisadipiscing.ca,1-383-387-9892,Grant,Hanson,1,1,2021-05-03 04:54:06,TRUE,2021-04-26 15:52:29,1
69,pbkdf2_sha256$10000$T0BzrDwfZSrI$pSgvDEam9V9jcdYpYDVkYMMwtSnRrFdf6Aqow82Tjr8=,2021-10-05 15:45:40,0,duis.volutpat@namporttitor.co.uk,1-775-754-6441,Igor,Watkins,0,1,2021-09-12 08:37:25,FALSE,2022-08-10 02:49:38,1
70,pbkdf2_sha256$10000$T0BzrDwfZSrI$pSgvDEam9V9jcdYpYDVkYMMwtSnRrFdf6Aqow82Tjr8=,2022-08-29 05:31:54,0,neque.nullam@faucibusorciluctus.org,(644) 474-3167,Suki,Cummings,0,0,2021-01-21 19:40:57,TRUE,2021-02-11 21:36:19,1
71,pbkdf2_sha256$10000$T0BzrDwfZSrI$pSgvDEam9V9jcdYpYDVkYMMwtSnRrFdf6Aqow82Tjr8=,2022-04-14 04:50:28,1,facilisis.non@elementumsem.com,1-663-434-8817,Amelia,O'neill,0,0,2021-08-13 05:38:13,TRUE,2022-04-09 06:51:25,0
72,pbkdf2_sha256$10000$T0BzrDwfZSrI$pSgvDEam9V9jcdYpYDVkYMMwtSnRrFdf6Aqow82Tjr8=,2022-06-30 17:09:10,1,in@ligulaeu.ca,(773) 131-8470,Nola,Coffey,1,1,2021-04-28 21:36:24,TRUE,2021-08-14 09:15:43,1
73,pbkdf2_sha256$10000$T0BzrDwfZSrI$pSgvDEam9V9jcdYpYDVkYMMwtSnRrFdf6Aqow82Tjr8=,2022-05-04 13:11:47,0,lectus.quis.massa@duisac.net,1-987-454-1594,Basia,Johnson,1,1,2022-01-11 12:44:22,TRUE,2020-11-23 15:35:25,1
74,pbkdf2_sha256$10000$T0BzrDwfZSrI$pSgvDEam9V9jcdYpYDVkYMMwtSnRrFdf6Aqow82Tjr8=,2022-07-26 15:52:51,1,dapibus@liberomauris.net,(788) 678-5258,Kenyon,Durham,0,0,2021-01-10 22:58:46,FALSE,2022-10-20 04:46:01,1
75,pbkdf2_sha256$10000$T0BzrDwfZSrI$pSgvDEam9V9jcdYpYDVkYMMwtSnRrFdf6Aqow82Tjr8=,2022-01-09 05:24:59,1,nullam.suscipit.est@nectellus.com,(430) 748-5547,Walter,Murray,1,0,2022-09-03 08:26:26,FALSE,2021-02-03 01:22:13,1
76,pbkdf2_sha256$10000$T0BzrDwfZSrI$pSgvDEam9V9jcdYpYDVkYMMwtSnRrFdf6Aqow82Tjr8=,2020-12-31 08:17:13,1,lorem.vitae@cras.ca,1-715-556-4780,Brynn,Leach,0,1,2021-02-20 08:38:00,FALSE,2022-05-07 08:17:51,0
77,pbkdf2_sha256$10000$T0BzrDwfZSrI$pSgvDEam9V9jcdYpYDVkYMMwtSnRrFdf6Aqow82Tjr8=,2020-11-14 02:05:44,1,velit.quisque@atvelit.edu,(552) 810-6781,Drake,Mendoza,0,1,2022-08-22 18:07:20,TRUE,2021-08-13 02:45:06,0
78,pbkdf2_sha256$10000$T0BzrDwfZSrI$pSgvDEam9V9jcdYpYDVkYMMwtSnRrFdf6Aqow82Tjr8=,2021-12-28 08:08:42,1,posuere.vulputate.lacus@blandit.net,1-244-763-5857,Jameson,Murphy,0,1,2021-09-22 03:56:18,TRUE,2022-10-05 14:33:42,0
79,pbkdf2_sha256$10000$T0BzrDwfZSrI$pSgvDEam9V9jcdYpYDVkYMMwtSnRrFdf6Aqow82Tjr8=,2021-01-12 05:50:58,0,ac@donec.org,1-124-757-3521,Leonard,Rose,1,1,2021-05-03 14:56:40,FALSE,2021-05-08 11:33:12,1
80,pbkdf2_sha256$10000$T0BzrDwfZSrI$pSgvDEam9V9jcdYpYDVkYMMwtSnRrFdf6Aqow82Tjr8=,2021-02-07 00:18:39,0,phasellus@nullatincidunt.org,(343) 998-7823,Dai,Brady,0,0,2021-12-17 22:39:12,TRUE,2022-07-29 11:15:11,1
81,pbkdf2_sha256$10000$T0BzrDwfZSrI$pSgvDEam9V9jcdYpYDVkYMMwtSnRrFdf6Aqow82Tjr8=,2022-05-28 23:56:54,1,ullamcorper@infaucibus.co.uk,1-326-255-2748,Brock,Gross,0,1,2022-03-26 21:30:34,FALSE,2022-03-11 09:02:50,1
82,pbkdf2_sha256$10000$T0BzrDwfZSrI$pSgvDEam9V9jcdYpYDVkYMMwtSnRrFdf6Aqow82Tjr8=,2021-02-13 22:02:14,1,duis.gravida@volutpat.org,(158) 550-6498,Alma,Ross,0,1,2021-03-10 21:00:15,FALSE,2021-07-07 15:33:15,1
83,pbkdf2_sha256$10000$T0BzrDwfZSrI$pSgvDEam9V9jcdYpYDVkYMMwtSnRrFdf6Aqow82Tjr8=,2022-10-22 22:42:35,0,pellentesque.massa.lobortis@dui.org,(163) 148-1656,Kevin,Allison,0,1,2021-01-30 07:40:41,FALSE,2021-05-29 10:12:10,1
84,pbkdf2_sha256$10000$T0BzrDwfZSrI$pSgvDEam9V9jcdYpYDVkYMMwtSnRrFdf6Aqow82Tjr8=,2021-12-30 03:51:36,1,aliquam.enim@atsemmolestie.edu,1-252-446-0714,Oren,Kidd,0,1,2021-03-31 08:10:20,TRUE,2022-01-21 02:33:47,0
85,pbkdf2_sha256$10000$T0BzrDwfZSrI$pSgvDEam9V9jcdYpYDVkYMMwtSnRrFdf6Aqow82Tjr8=,2021-11-29 03:30:09,0,et.rutrum@sitametluctus.org,1-543-645-2057,David,Phelps,1,1,2021-11-15 01:47:30,TRUE,2021-10-27 21:18:28,1
86,pbkdf2_sha256$10000$T0BzrDwfZSrI$pSgvDEam9V9jcdYpYDVkYMMwtSnRrFdf6Aqow82Tjr8=,2022-09-01 14:05:23,1,eu.elit@sociisnatoquepenatibus.org,(767) 986-4348,Herman,Galloway,0,0,2022-03-20 16:16:52,TRUE,2021-02-09 21:58:53,1
87,pbkdf2_sha256$10000$T0BzrDwfZSrI$pSgvDEam9V9jcdYpYDVkYMMwtSnRrFdf6Aqow82Tjr8=,2021-09-01 01:09:50,0,nisl.elementum@nullaeget.net,(827) 274-9834,Joelle,Hunter,1,1,2022-07-08 04:28:50,FALSE,2021-03-23 12:12:30,0
88,pbkdf2_sha256$10000$T0BzrDwfZSrI$pSgvDEam9V9jcdYpYDVkYMMwtSnRrFdf6Aqow82Tjr8=,2021-11-28 17:37:34,0,cursus.non@duis.edu,(297) 226-5968,Buffy,Merrill,0,0,2021-01-04 05:27:39,TRUE,2022-06-07 07:29:50,0
89,pbkdf2_sha256$10000$T0BzrDwfZSrI$pSgvDEam9V9jcdYpYDVkYMMwtSnRrFdf6Aqow82Tjr8=,2021-11-06 10:25:23,1,aliquam@elitetiamlaoreet.edu,1-238-613-1123,Sybil,Ray,1,1,2021-06-27 21:23:47,TRUE,2021-09-07 19:59:28,0
90,pbkdf2_sha256$10000$T0BzrDwfZSrI$pSgvDEam9V9jcdYpYDVkYMMwtSnRrFdf6Aqow82Tjr8=,2021-07-17 13:56:05,0,pharetra.ut@aliquetdiam.net,(322) 126-0418,Camden,Stanley,0,1,2021-01-25 01:30:44,TRUE,2021-08-28 00:21:51,1
91,pbkdf2_sha256$10000$T0BzrDwfZSrI$pSgvDEam9V9jcdYpYDVkYMMwtSnRrFdf6Aqow82Tjr8=,2020-12-08 06:52:01,1,parturient.montes.nascetur@massarutrum.net,(182) 647-3993,Hyatt,Villarreal,1,1,2022-04-21 00:39:18,TRUE,2022-08-06 08:58:58,0
92,pbkdf2_sha256$10000$T0BzrDwfZSrI$pSgvDEam9V9jcdYpYDVkYMMwtSnRrFdf6Aqow82Tjr8=,2021-08-02 17:49:17,1,fusce@quisque.ca,(456) 658-5124,Tanisha,Grimes,1,0,2022-02-07 19:29:17,FALSE,2020-12-30 00:27:20,0
93,pbkdf2_sha256$10000$T0BzrDwfZSrI$pSgvDEam9V9jcdYpYDVkYMMwtSnRrFdf6Aqow82Tjr8=,2022-09-10 22:28:55,1,ut@velitaliquamnisl.edu,(326) 147-6658,Wallace,George,1,1,2022-03-27 01:26:44,TRUE,2021-07-22 17:03:59,1
94,pbkdf2_sha256$10000$T0BzrDwfZSrI$pSgvDEam9V9jcdYpYDVkYMMwtSnRrFdf6Aqow82Tjr8=,2020-12-25 00:57:35,1,cum@enim.edu,1-435-411-0185,Kasper,Daniel,0,0,2022-08-12 03:31:46,FALSE,2021-01-25 19:01:12,0
95,pbkdf2_sha256$10000$T0BzrDwfZSrI$pSgvDEam9V9jcdYpYDVkYMMwtSnRrFdf6Aqow82Tjr8=,2021-06-26 11:41:32,0,tincidunt.donec.vitae@necorci.co.uk,1-257-695-3497,Herrod,Herring,0,0,2022-08-19 01:58:34,FALSE,2022-05-16 04:04:23,1
96,pbkdf2_sha256$10000$T0BzrDwfZSrI$pSgvDEam9V9jcdYpYDVkYMMwtSnRrFdf6Aqow82Tjr8=,2021-06-10 01:39:52,1,eu@euultricessit.ca,(946) 733-1507,Colton,Duffy,0,0,2022-02-20 02:32:06,FALSE,2022-03-10 20:25:38,0
97,pbkdf2_sha256$10000$T0BzrDwfZSrI$pSgvDEam9V9jcdYpYDVkYMMwtSnRrFdf6Aqow82Tjr8=,2021-12-21 03:52:20,0,auctor.velit.eget@nonegestasa.net,1-271-336-6621,Jakeem,Giles,0,0,2022-03-13 10:50:21,FALSE,2021-10-22 17:07:28,1
98,pbkdf2_sha256$10000$T0BzrDwfZSrI$pSgvDEam9V9jcdYpYDVkYMMwtSnRrFdf6Aqow82Tjr8=,2021-03-10 03:14:30,1,tortor.nibh@nullaat.co.uk,(366) 653-1358,Teegan,Cardenas,0,0,2022-04-09 02:30:35,TRUE,2021-10-28 12:58:46,0
99,pbkdf2_sha256$10000$T0BzrDwfZSrI$pSgvDEam9V9jcdYpYDVkYMMwtSnRrFdf6Aqow82Tjr8=,2021-01-27 18:47:23,1,laoreet.posuere@fuscefermentum.com,(468) 262-9691,Aimee,Elliott,1,0,2021-02-21 17:05:25,TRUE,2022-02-11 13:30:50,0
100,pbkdf2_sha256$10000$T0BzrDwfZSrI$pSgvDEam9V9jcdYpYDVkYMMwtSnRrFdf6Aqow82Tjr8=,2021-06-14 20:34:53,0,non.sapien@nibhphasellusnulla.ca,(517) 795-1340,Damon,Lara,0,1,2021-06-13 16:06:21,TRUE,2021-04-13 11:20:27,1
101,pbkdf2_sha256$10000$T0BzrDwfZSrI$pSgvDEam9V9jcdYpYDVkYMMwtSnRrFdf6Aqow82Tjr8=,2021-04-21 06:01:17,0,tempor.augue.ac@musdonecdignissim.org,(731) 434-5082,Noel,Chapman,1,0,2021-03-17 12:44:21,TRUE,2022-01-04 16:51:36,1
102,pbkdf2_sha256$10000$T0BzrDwfZSrI$pSgvDEam9V9jcdYpYDVkYMMwtSnRrFdf6Aqow82Tjr8=,2021-09-30 04:36:50,0,aliquet.magna@liberoat.co.uk,(134) 407-4268,Juliet,Morse,0,1,2021-09-14 02:28:06,TRUE,2021-08-10 10:37:51,0
103,pbkdf2_sha256$10000$T0BzrDwfZSrI$pSgvDEam9V9jcdYpYDVkYMMwtSnRrFdf6Aqow82Tjr8=,2021-07-07 02:11:44,0,nam.interdum.enim@nibhvulputate.ca,(259) 810-0518,Marvin,Hull,0,1,2021-11-06 16:36:37,FALSE,2022-01-04 04:50:01,0
104,pbkdf2_sha256$10000$T0BzrDwfZSrI$pSgvDEam9V9jcdYpYDVkYMMwtSnRrFdf6Aqow82Tjr8=,2022-08-13 14:12:45,0,cras.interdum.nunc@cubiliacurae.org,(531) 207-8137,Wilma,Petersen,0,1,2022-09-01 00:43:58,TRUE,2021-04-13 00:25:03,0
105,pbkdf2_sha256$10000$T0BzrDwfZSrI$pSgvDEam9V9jcdYpYDVkYMMwtSnRrFdf6Aqow82Tjr8=,2022-05-05 13:41:59,0,enim@pretiumnequemorbi.com,(953) 753-6738,Brielle,Mcgowan,1,0,2022-02-12 06:55:02,TRUE,2022-08-08 15:04:36,1
106,pbkdf2_sha256$10000$T0BzrDwfZSrI$pSgvDEam9V9jcdYpYDVkYMMwtSnRrFdf6Aqow82Tjr8=,2021-01-04 05:46:10,1,duis.at@enimdiam.net,(753) 776-7032,Arsenio,Peck,1,1,2022-01-13 03:25:10,FALSE,2021-06-03 07:23:37,0
107,pbkdf2_sha256$10000$T0BzrDwfZSrI$pSgvDEam9V9jcdYpYDVkYMMwtSnRrFdf6Aqow82Tjr8=,2021-01-31 09:02:54,0,pede.nunc.sed@semegestasblandit.edu,1-546-252-3377,Dorian,Dean,1,1,2021-02-01 02:10:39,FALSE,2021-11-04 00:32:22,1
108,pbkdf2_sha256$10000$T0BzrDwfZSrI$pSgvDEam9V9jcdYpYDVkYMMwtSnRrFdf6Aqow82Tjr8=,2022-09-18 05:33:39,0,curabitur.consequat.lectus@euduicum.ca,1-603-475-7126,Tobias,Mccarthy,1,1,2022-02-09 09:59:01,FALSE,2021-04-29 02:22:58,0
109,pbkdf2_sha256$10000$T0BzrDwfZSrI$pSgvDEam9V9jcdYpYDVkYMMwtSnRrFdf6Aqow82Tjr8=,2021-10-17 14:29:15,0,sed.tortor@etiamvestibulummassa.org,1-163-277-5154,Kyle,Sweeney,0,0,2021-08-20 09:35:31,TRUE,2021-01-29 06:54:41,0
110,pbkdf2_sha256$10000$T0BzrDwfZSrI$pSgvDEam9V9jcdYpYDVkYMMwtSnRrFdf6Aqow82Tjr8=,2021-07-19 12:55:12,1,arcu.eu@felispurusac.net,1-651-504-6377,Elliott,Eaton,0,1,2021-01-18 05:40:36,TRUE,2022-07-16 20:56:40,1
111,pbkdf2_sha256$10000$T0BzrDwfZSrI$pSgvDEam9V9jcdYpYDVkYMMwtSnRrFdf6Aqow82Tjr8=,2021-01-14 19:49:13,0,amet.consectetuer.adipiscing@etnuncquisque.ca,(947) 885-4831,Benjamin,Santana,0,1,2020-11-18 21:13:36,FALSE,2021-06-04 16:26:31,0
112,pbkdf2_sha256$10000$T0BzrDwfZSrI$pSgvDEam9V9jcdYpYDVkYMMwtSnRrFdf6Aqow82Tjr8=,2021-12-03 04:41:47,0,morbi.tristique@donecfeugiatmetus.com,(531) 758-6473,William,Yates,0,1,2021-11-02 12:39:05,TRUE,2021-07-30 14:53:35,0
113,pbkdf2_sha256$10000$T0BzrDwfZSrI$pSgvDEam9V9jcdYpYDVkYMMwtSnRrFdf6Aqow82Tjr8=,2022-09-27 06:08:18,0,ut.cursus@augue.edu,(483) 366-5458,Lane,Fitzpatrick,0,0,2021-01-24 07:27:21,TRUE,2022-07-30 23:21:19,0
114,pbkdf2_sha256$10000$T0BzrDwfZSrI$pSgvDEam9V9jcdYpYDVkYMMwtSnRrFdf6Aqow82Tjr8=,2022-07-02 05:03:48,0,eget.tincidunt@diamat.co.uk,1-572-774-3465,Tanner,Mcpherson,0,1,2021-08-16 11:48:50,TRUE,2021-09-17 13:41:12,1
115,pbkdf2_sha256$10000$T0BzrDwfZSrI$pSgvDEam9V9jcdYpYDVkYMMwtSnRrFdf6Aqow82Tjr8=,2022-05-08 06:26:16,0,bibendum.ullamcorper@estac.net,(622) 263-2665,Mark,Fischer,1,1,2022-02-08 04:21:06,TRUE,2021-03-01 17:14:03,1
116,pbkdf2_sha256$10000$T0BzrDwfZSrI$pSgvDEam9V9jcdYpYDVkYMMwtSnRrFdf6Aqow82Tjr8=,2021-06-21 01:12:09,1,imperdiet.ornare@erat.edu,(738) 368-6739,Buffy,Sherman,0,0,2021-12-07 13:16:51,TRUE,2021-12-21 10:01:51,1
117,pbkdf2_sha256$10000$T0BzrDwfZSrI$pSgvDEam9V9jcdYpYDVkYMMwtSnRrFdf6Aqow82Tjr8=,2022-01-22 21:03:10,1,aliquet.vel@lacusmaurisnon.co.uk,(368) 252-7214,Chancellor,Berry,0,1,2021-10-15 07:48:48,TRUE,2021-10-19 21:49:18,1
118,pbkdf2_sha256$10000$T0BzrDwfZSrI$pSgvDEam9V9jcdYpYDVkYMMwtSnRrFdf6Aqow82Tjr8=,2022-03-31 19:17:43,1,scelerisque.neque@nibhdonec.co.uk,1-345-451-0373,Seth,Jenkins,1,1,2022-05-15 06:06:17,FALSE,2022-01-23 10:34:08,0
119,pbkdf2_sha256$10000$T0BzrDwfZSrI$pSgvDEam9V9jcdYpYDVkYMMwtSnRrFdf6Aqow82Tjr8=,2022-02-21 17:00:20,1,nullam.scelerisque.neque@est.com,1-714-464-4942,Giacomo,Hardin,1,0,2022-08-30 10:26:39,TRUE,2021-02-25 02:55:02,0
120,pbkdf2_sha256$10000$T0BzrDwfZSrI$pSgvDEam9V9jcdYpYDVkYMMwtSnRrFdf6Aqow82Tjr8=,2021-03-24 16:21:46,0,odio@magnanam.edu,(847) 550-5662,Joan,Ramirez,1,1,2021-05-15 22:58:51,FALSE,2021-11-20 20:52:30,0
121,pbkdf2_sha256$10000$T0BzrDwfZSrI$pSgvDEam9V9jcdYpYDVkYMMwtSnRrFdf6Aqow82Tjr8=,2021-05-30 11:47:52,1,nulla.integer@habitantmorbitristique.com,1-141-944-3764,Porter,Montgomery,1,0,2021-11-03 06:21:29,FALSE,2021-04-15 17:16:59,0
122,pbkdf2_sha256$10000$T0BzrDwfZSrI$pSgvDEam9V9jcdYpYDVkYMMwtSnRrFdf6Aqow82Tjr8=,2020-10-26 07:56:09,1,tincidunt.nibh@blanditenim.ca,1-466-355-7267,Omar,Hyde,0,0,2021-01-21 16:10:11,TRUE,2022-09-25 08:03:08,1
123,pbkdf2_sha256$10000$T0BzrDwfZSrI$pSgvDEam9V9jcdYpYDVkYMMwtSnRrFdf6Aqow82Tjr8=,2022-10-20 09:37:52,0,non.enim@loremeu.ca,1-636-859-6548,Chantale,Beard,1,0,2021-09-02 23:20:56,FALSE,2021-09-29 02:20:17,0
124,pbkdf2_sha256$10000$T0BzrDwfZSrI$pSgvDEam9V9jcdYpYDVkYMMwtSnRrFdf6Aqow82Tjr8=,2021-10-12 11:04:37,1,pulvinar.arcu@aliquetmolestietellus.com,(952) 545-0599,Regina,Reese,0,1,2022-07-21 22:27:17,TRUE,2022-10-05 05:34:38,0
125,pbkdf2_sha256$10000$T0BzrDwfZSrI$pSgvDEam9V9jcdYpYDVkYMMwtSnRrFdf6Aqow82Tjr8=,2021-10-22 00:09:33,1,purus.in@adipiscinglobortis.ca,(564) 826-0015,Rana,Crane,0,1,2021-06-16 22:03:03,TRUE,2022-08-09 13:06:56,0
126,pbkdf2_sha256$10000$T0BzrDwfZSrI$pSgvDEam9V9jcdYpYDVkYMMwtSnRrFdf6Aqow82Tjr8=,2021-05-21 04:22:50,1,ligula.aenean.euismod@ipsumsuspendissesagittis.com,(292) 136-5401,Zenia,Gallegos,1,0,2021-03-05 02:53:26,TRUE,2022-04-27 01:25:28,1
127,pbkdf2_sha256$10000$T0BzrDwfZSrI$pSgvDEam9V9jcdYpYDVkYMMwtSnRrFdf6Aqow82Tjr8=,2020-12-23 21:12:25,1,dignissim.magna@eratvolutpatnulla.org,1-647-505-8667,Heather,Downs,1,0,2020-11-12 13:11:27,FALSE,2021-11-13 00:38:01,0
128,pbkdf2_sha256$10000$T0BzrDwfZSrI$pSgvDEam9V9jcdYpYDVkYMMwtSnRrFdf6Aqow82Tjr8=,2021-09-17 09:13:41,0,vitae.dolor.donec@egestas.net,(965) 525-2715,Channing,Ramsey,1,1,2021-04-24 05:10:30,FALSE,2022-04-19 03:57:00,1
129,pbkdf2_sha256$10000$T0BzrDwfZSrI$pSgvDEam9V9jcdYpYDVkYMMwtSnRrFdf6Aqow82Tjr8=,2021-04-29 07:48:37,0,vitae@pharetra.edu,1-978-932-9580,Whilemina,Russo,1,1,2022-06-07 18:25:12,TRUE,2022-09-21 01:57:25,1
130,pbkdf2_sha256$10000$T0BzrDwfZSrI$pSgvDEam9V9jcdYpYDVkYMMwtSnRrFdf6Aqow82Tjr8=,2022-03-15 21:30:01,1,suscipit.nonummy@arcused.com,1-864-809-8651,Rajah,Kinney,1,1,2021-07-18 00:25:29,TRUE,2021-02-02 11:44:59,1
131,pbkdf2_sha256$10000$T0BzrDwfZSrI$pSgvDEam9V9jcdYpYDVkYMMwtSnRrFdf6Aqow82Tjr8=,2021-12-01 00:00:02,1,blandit.nam.nulla@iaculis.com,(613) 776-1745,Brady,Ellis,0,0,2022-03-24 06:27:26,TRUE,2022-07-05 05:15:20,1
132,pbkdf2_sha256$10000$T0BzrDwfZSrI$pSgvDEam9V9jcdYpYDVkYMMwtSnRrFdf6Aqow82Tjr8=,2022-03-24 08:33:42,0,magna.lorem.ipsum@semegetmassa.edu,1-679-574-3056,Jenna,Hebert,0,0,2022-05-08 05:55:07,TRUE,2021-05-08 00:00:59,1
133,pbkdf2_sha256$10000$T0BzrDwfZSrI$pSgvDEam9V9jcdYpYDVkYMMwtSnRrFdf6Aqow82Tjr8=,2021-09-07 11:59:09,0,vel.sapien@sollicitudina.com,(830) 634-6574,Jayme,Beck,0,0,2021-06-24 13:46:01,FALSE,2020-11-29 19:11:38,0
134,pbkdf2_sha256$10000$T0BzrDwfZSrI$pSgvDEam9V9jcdYpYDVkYMMwtSnRrFdf6Aqow82Tjr8=,2021-06-03 03:33:20,0,vehicula@vulputatemauris.edu,(256) 501-6181,Winter,Lindsay,1,0,2020-12-25 14:22:23,FALSE,2021-12-25 19:37:14,1
135,pbkdf2_sha256$10000$T0BzrDwfZSrI$pSgvDEam9V9jcdYpYDVkYMMwtSnRrFdf6Aqow82Tjr8=,2021-05-04 05:42:01,1,feugiat@imperdietnecleo.ca,1-823-798-4358,Kiayada,Reed,0,0,2021-03-12 05:14:22,FALSE,2021-04-14 05:56:07,1
136,pbkdf2_sha256$10000$T0BzrDwfZSrI$pSgvDEam9V9jcdYpYDVkYMMwtSnRrFdf6Aqow82Tjr8=,2021-04-26 03:17:43,1,diam.eu@ultricies.co.uk,1-434-958-7532,Joy,Perkins,0,1,2021-08-05 05:45:09,TRUE,2021-11-19 20:48:38,0
137,pbkdf2_sha256$10000$T0BzrDwfZSrI$pSgvDEam9V9jcdYpYDVkYMMwtSnRrFdf6Aqow82Tjr8=,2022-08-13 04:25:40,1,at.nisi@pretiumnequemorbi.ca,1-574-761-2477,Zachery,Massey,1,1,2020-11-10 23:49:48,TRUE,2022-03-01 04:50:11,1
138,pbkdf2_sha256$10000$T0BzrDwfZSrI$pSgvDEam9V9jcdYpYDVkYMMwtSnRrFdf6Aqow82Tjr8=,2022-06-29 06:48:34,0,inceptos@ametdapibusid.co.uk,1-424-278-5456,Cedric,Black,1,0,2021-08-28 17:39:49,TRUE,2022-06-19 05:53:36,0
139,pbkdf2_sha256$10000$T0BzrDwfZSrI$pSgvDEam9V9jcdYpYDVkYMMwtSnRrFdf6Aqow82Tjr8=,2022-04-20 14:32:56,1,neque.nullam@lacuspedesagittis.org,(757) 239-3508,Fatima,Macias,0,1,2021-04-16 03:19:47,TRUE,2022-04-25 14:06:45,1
140,pbkdf2_sha256$10000$T0BzrDwfZSrI$pSgvDEam9V9jcdYpYDVkYMMwtSnRrFdf6Aqow82Tjr8=,2021-03-07 00:59:45,1,libero.dui.nec@nibhquisque.net,(851) 979-2275,Galvin,Frye,0,1,2021-12-15 20:14:13,TRUE,2022-08-16 09:33:23,1
141,pbkdf2_sha256$10000$T0BzrDwfZSrI$pSgvDEam9V9jcdYpYDVkYMMwtSnRrFdf6Aqow82Tjr8=,2022-01-21 19:57:20,0,quam.dignissim@arcueu.com,1-515-826-6440,Aaron,Gardner,1,1,2022-09-09 18:17:36,FALSE,2021-12-16 13:44:01,0
142,pbkdf2_sha256$10000$T0BzrDwfZSrI$pSgvDEam9V9jcdYpYDVkYMMwtSnRrFdf6Aqow82Tjr8=,2021-07-17 10:43:50,0,semper.tellus@id.ca,(132) 817-7784,William,Randolph,0,0,2022-02-24 22:46:32,TRUE,2021-08-26 18:04:53,1
143,pbkdf2_sha256$10000$T0BzrDwfZSrI$pSgvDEam9V9jcdYpYDVkYMMwtSnRrFdf6Aqow82Tjr8=,2022-04-24 08:45:15,0,donec.sollicitudin@sagittis.ca,1-258-333-3235,Kaseem,Burris,1,0,2022-10-15 03:59:04,TRUE,2022-02-17 20:12:56,1
144,pbkdf2_sha256$10000$T0BzrDwfZSrI$pSgvDEam9V9jcdYpYDVkYMMwtSnRrFdf6Aqow82Tjr8=,2022-10-18 13:42:07,1,pellentesque.tincidunt@sednullaante.org,(629) 374-1212,Brielle,Paul,0,0,2022-04-02 09:30:20,TRUE,2021-01-12 05:49:33,0
145,pbkdf2_sha256$10000$T0BzrDwfZSrI$pSgvDEam9V9jcdYpYDVkYMMwtSnRrFdf6Aqow82Tjr8=,2022-10-25 18:27:12,0,curabitur.consequat.lectus@dapibusgravida.co.uk,(265) 214-2901,Lenore,Mckenzie,1,1,2022-03-26 18:36:13,FALSE,2020-10-27 03:53:35,0
146,pbkdf2_sha256$10000$T0BzrDwfZSrI$pSgvDEam9V9jcdYpYDVkYMMwtSnRrFdf6Aqow82Tjr8=,2022-06-24 21:07:14,0,amet@duissit.co.uk,1-138-334-4979,Xander,Burnett,0,1,2022-04-16 22:20:01,TRUE,2022-06-23 06:02:40,1
147,pbkdf2_sha256$10000$T0BzrDwfZSrI$pSgvDEam9V9jcdYpYDVkYMMwtSnRrFdf6Aqow82Tjr8=,2022-05-20 07:50:43,0,pede.ultrices@elementumat.com,(904) 630-2368,May,Luna,1,0,2020-11-07 19:42:59,FALSE,2022-05-08 23:36:07,1
148,pbkdf2_sha256$10000$T0BzrDwfZSrI$pSgvDEam9V9jcdYpYDVkYMMwtSnRrFdf6Aqow82Tjr8=,2021-05-08 14:15:54,1,ligula.aenean@aliquamarcu.net,1-834-426-6357,Chandler,Alexander,0,0,2021-10-11 06:11:53,TRUE,2021-02-18 18:53:06,0
149,pbkdf2_sha256$10000$T0BzrDwfZSrI$pSgvDEam9V9jcdYpYDVkYMMwtSnRrFdf6Aqow82Tjr8=,2022-08-29 11:32:35,1,tincidunt.congue.turpis@facilisis.com,1-226-817-0263,David,Sargent,0,0,2022-07-22 00:38:32,TRUE,2022-09-08 13:22:04,1
150,pbkdf2_sha256$10000$T0BzrDwfZSrI$pSgvDEam9V9jcdYpYDVkYMMwtSnRrFdf6Aqow82Tjr8=,2022-10-06 06:34:56,0,dolor.nulla@pharetraquisqueac.ca,(262) 628-5827,Allen,Ball,0,1,2022-07-17 02:54:06,TRUE,2020-12-02 15:51:47,1
151,pbkdf2_sha256$10000$T0BzrDwfZSrI$pSgvDEam9V9jcdYpYDVkYMMwtSnRrFdf6Aqow82Tjr8=,2021-01-22 00:23:52,1,curabitur.ut.odio@perconubianostra.ca,1-178-328-0775,Chaim,Bishop,0,0,2021-08-26 06:38:17,FALSE,2021-04-27 22:59:46,1
152,pbkdf2_sha256$10000$T0BzrDwfZSrI$pSgvDEam9V9jcdYpYDVkYMMwtSnRrFdf6Aqow82Tjr8=,2022-10-11 15:21:51,0,dis.parturient.montes@egetdictumplacerat.net,(685) 224-1939,Blaze,Donovan,0,1,2021-06-25 07:52:47,FALSE,2021-02-01 15:05:52,0
153,pbkdf2_sha256$10000$T0BzrDwfZSrI$pSgvDEam9V9jcdYpYDVkYMMwtSnRrFdf6Aqow82Tjr8=,2022-01-29 06:47:22,1,semper.et@euligula.net,1-670-793-1861,McKenzie,Price,0,1,2021-03-11 16:45:03,TRUE,2021-06-16 22:14:59,0
154,pbkdf2_sha256$10000$T0BzrDwfZSrI$pSgvDEam9V9jcdYpYDVkYMMwtSnRrFdf6Aqow82Tjr8=,2020-12-27 00:36:54,0,ipsum@tellus.ca,(537) 235-7171,Mark,Brewer,0,1,2021-01-07 12:54:09,TRUE,2022-01-14 16:21:51,0
155,pbkdf2_sha256$10000$T0BzrDwfZSrI$pSgvDEam9V9jcdYpYDVkYMMwtSnRrFdf6Aqow82Tjr8=,2021-11-15 17:49:49,1,non.leo@ante.org,1-446-133-7834,Hilel,Clay,1,0,2022-07-22 04:33:42,FALSE,2021-10-25 13:09:36,1
156,pbkdf2_sha256$10000$T0BzrDwfZSrI$pSgvDEam9V9jcdYpYDVkYMMwtSnRrFdf6Aqow82Tjr8=,2021-10-11 10:59:37,0,ut.aliquam@dolor.ca,1-348-778-1071,Thane,Gilbert,1,0,2021-01-06 07:58:38,TRUE,2022-04-11 10:05:39,0
157,pbkdf2_sha256$10000$T0BzrDwfZSrI$pSgvDEam9V9jcdYpYDVkYMMwtSnRrFdf6Aqow82Tjr8=,2021-01-02 06:33:16,1,risus.a@liberoproinsed.edu,(827) 778-4577,Melodie,Fulton,1,0,2020-12-23 15:18:45,FALSE,2020-11-16 07:44:02,1
158,pbkdf2_sha256$10000$T0BzrDwfZSrI$pSgvDEam9V9jcdYpYDVkYMMwtSnRrFdf6Aqow82Tjr8=,2022-06-01 10:30:17,0,amet.metus@acmattis.edu,(571) 584-8595,Moana,Key,0,1,2022-10-04 07:49:59,TRUE,2022-06-11 19:35:28,0
159,pbkdf2_sha256$10000$T0BzrDwfZSrI$pSgvDEam9V9jcdYpYDVkYMMwtSnRrFdf6Aqow82Tjr8=,2022-07-24 07:53:17,1,nulla.facilisi@id.net,1-345-347-3383,Hilary,Bates,0,1,2022-05-18 01:40:07,FALSE,2021-06-15 03:56:03,1
160,pbkdf2_sha256$10000$T0BzrDwfZSrI$pSgvDEam9V9jcdYpYDVkYMMwtSnRrFdf6Aqow82Tjr8=,2022-09-03 19:51:38,0,quisque.libero@liberoproin.org,1-753-427-4453,Jessica,Mason,1,1,2021-06-11 15:16:27,TRUE,2020-12-05 00:06:01,0
161,pbkdf2_sha256$10000$T0BzrDwfZSrI$pSgvDEam9V9jcdYpYDVkYMMwtSnRrFdf6Aqow82Tjr8=,2022-04-04 16:33:42,0,leo.morbi@urnanullamlobortis.ca,1-639-856-2871,Rinah,Jordan,0,0,2021-12-05 09:53:33,FALSE,2021-03-07 04:27:33,1
162,pbkdf2_sha256$10000$T0BzrDwfZSrI$pSgvDEam9V9jcdYpYDVkYMMwtSnRrFdf6Aqow82Tjr8=,2020-11-17 18:03:38,1,enim.consequat.purus@mollisvitae.edu,(485) 494-8429,Kylie,Lynn,0,1,2021-05-11 18:32:19,TRUE,2021-01-31 19:02:51,0
163,pbkdf2_sha256$10000$T0BzrDwfZSrI$pSgvDEam9V9jcdYpYDVkYMMwtSnRrFdf6Aqow82Tjr8=,2022-06-09 08:20:33,1,elit.fermentum@mollisdui.ca,1-916-819-2931,Keiko,Horn,0,0,2021-01-24 14:32:18,TRUE,2020-12-06 23:29:09,0
164,pbkdf2_sha256$10000$T0BzrDwfZSrI$pSgvDEam9V9jcdYpYDVkYMMwtSnRrFdf6Aqow82Tjr8=,2022-10-16 19:11:39,0,neque.non@velvenenatisvel.net,(754) 565-3117,Clementine,Lang,0,0,2021-03-11 17:14:25,TRUE,2022-03-13 09:47:26,1
165,pbkdf2_sha256$10000$T0BzrDwfZSrI$pSgvDEam9V9jcdYpYDVkYMMwtSnRrFdf6Aqow82Tjr8=,2022-01-30 17:00:24,0,molestie.arcu@nulla.ca,1-810-731-3300,Juliet,O'connor,1,0,2022-03-21 15:31:12,TRUE,2022-09-17 19:14:03,0
166,pbkdf2_sha256$10000$T0BzrDwfZSrI$pSgvDEam9V9jcdYpYDVkYMMwtSnRrFdf6Aqow82Tjr8=,2022-06-02 03:53:28,1,vel.arcu@idrisus.edu,(968) 986-3185,Camden,Solomon,0,0,2022-06-23 16:36:54,TRUE,2022-08-11 09:19:42,1
167,pbkdf2_sha256$10000$T0BzrDwfZSrI$pSgvDEam9V9jcdYpYDVkYMMwtSnRrFdf6Aqow82Tjr8=,2021-12-15 15:33:24,1,maecenas.libero@sociosquad.ca,1-344-373-1015,Stephen,Nixon,1,1,2021-09-07 10:41:21,FALSE,2021-04-19 21:01:01,0
168,pbkdf2_sha256$10000$T0BzrDwfZSrI$pSgvDEam9V9jcdYpYDVkYMMwtSnRrFdf6Aqow82Tjr8=,2021-01-28 09:13:05,1,dui.nec@adipiscingenim.net,(438) 674-8438,Amelia,Mcclure,0,1,2022-04-20 23:05:25,FALSE,2021-05-17 11:55:04,0
169,pbkdf2_sha256$10000$T0BzrDwfZSrI$pSgvDEam9V9jcdYpYDVkYMMwtSnRrFdf6Aqow82Tjr8=,2022-09-08 03:30:29,0,curabitur.dictum.phasellus@etiam.net,(539) 274-2898,Jarrod,Bryant,1,1,2020-11-10 02:54:05,TRUE,2021-05-24 19:07:40,0
170,pbkdf2_sha256$10000$T0BzrDwfZSrI$pSgvDEam9V9jcdYpYDVkYMMwtSnRrFdf6Aqow82Tjr8=,2022-10-06 21:42:19,1,dui.nec@blanditnam.org,1-104-251-3115,Murphy,Hopkins,1,1,2021-07-10 20:56:02,TRUE,2022-08-09 04:15:02,1
171,pbkdf2_sha256$10000$T0BzrDwfZSrI$pSgvDEam9V9jcdYpYDVkYMMwtSnRrFdf6Aqow82Tjr8=,2022-06-22 13:08:51,1,nec.tempus@etcommodo.co.uk,(414) 615-2018,Lani,Petersen,0,0,2022-05-08 03:57:40,FALSE,2020-12-13 13:21:48,1
172,pbkdf2_sha256$10000$T0BzrDwfZSrI$pSgvDEam9V9jcdYpYDVkYMMwtSnRrFdf6Aqow82Tjr8=,2022-03-09 03:34:16,1,ante.lectus@volutpat.com,(299) 397-8549,Violet,Haynes,1,0,2022-08-02 08:48:34,FALSE,2021-08-30 14:29:32,0
173,pbkdf2_sha256$10000$T0BzrDwfZSrI$pSgvDEam9V9jcdYpYDVkYMMwtSnRrFdf6Aqow82Tjr8=,2021-02-01 21:05:54,1,dictum@miac.co.uk,1-546-328-8349,Malcolm,Little,0,0,2021-09-23 17:58:21,TRUE,2022-09-13 03:19:45,0
174,pbkdf2_sha256$10000$T0BzrDwfZSrI$pSgvDEam9V9jcdYpYDVkYMMwtSnRrFdf6Aqow82Tjr8=,2021-02-19 02:16:47,0,lacus.varius@ipsum.ca,(535) 825-0451,Naida,Osborne,1,0,2021-07-21 23:33:02,FALSE,2020-11-16 12:57:50,0
175,pbkdf2_sha256$10000$T0BzrDwfZSrI$pSgvDEam9V9jcdYpYDVkYMMwtSnRrFdf6Aqow82Tjr8=,2021-11-07 09:52:16,1,non@est.ca,1-468-487-2948,Luke,Donaldson,0,1,2022-07-05 21:10:31,FALSE,2021-11-06 15:14:25,1
176,pbkdf2_sha256$10000$T0BzrDwfZSrI$pSgvDEam9V9jcdYpYDVkYMMwtSnRrFdf6Aqow82Tjr8=,2022-08-01 21:52:59,0,tortor.dictum@duisuspendisseac.ca,1-635-868-5237,Hanna,Dillon,0,1,2022-02-08 14:40:14,TRUE,2022-05-31 12:21:10,1
177,pbkdf2_sha256$10000$T0BzrDwfZSrI$pSgvDEam9V9jcdYpYDVkYMMwtSnRrFdf6Aqow82Tjr8=,2022-08-29 22:49:37,1,ante.vivamus@congueelit.edu,(387) 486-1763,Jasper,Sears,0,0,2021-07-24 16:38:02,TRUE,2022-01-04 13:03:59,1
178,pbkdf2_sha256$10000$T0BzrDwfZSrI$pSgvDEam9V9jcdYpYDVkYMMwtSnRrFdf6Aqow82Tjr8=,2021-03-24 09:34:15,0,nibh@sollicitudincommodo.com,(586) 287-6769,Kermit,Andrews,0,0,2021-04-10 08:27:09,FALSE,2021-03-17 11:19:08,0
179,pbkdf2_sha256$10000$T0BzrDwfZSrI$pSgvDEam9V9jcdYpYDVkYMMwtSnRrFdf6Aqow82Tjr8=,2022-05-17 09:49:00,0,nulla.aliquet@necluctusfelis.edu,(848) 138-5778,April,Ruiz,1,1,2022-07-14 07:57:22,TRUE,2020-11-28 23:07:59,1
180,pbkdf2_sha256$10000$T0BzrDwfZSrI$pSgvDEam9V9jcdYpYDVkYMMwtSnRrFdf6Aqow82Tjr8=,2021-11-29 23:13:07,0,amet.dapibus.id@integer.com,(235) 489-1937,Clayton,Aguirre,0,0,2022-10-10 16:21:44,TRUE,2022-07-25 00:46:09,1
181,pbkdf2_sha256$10000$T0BzrDwfZSrI$pSgvDEam9V9jcdYpYDVkYMMwtSnRrFdf6Aqow82Tjr8=,2021-08-17 16:13:50,0,lorem.fringilla.ornare@pharetrafeliseget.org,(807) 730-5787,Jacob,Hinton,1,1,2022-04-11 05:16:04,FALSE,2022-07-13 15:47:49,0
182,pbkdf2_sha256$10000$T0BzrDwfZSrI$pSgvDEam9V9jcdYpYDVkYMMwtSnRrFdf6Aqow82Tjr8=,2021-12-07 15:15:31,0,vel@ultricesduisvolutpat.ca,(647) 836-2118,Chanda,Stein,0,0,2022-03-05 15:13:42,FALSE,2020-11-15 07:08:00,1
183,pbkdf2_sha256$10000$T0BzrDwfZSrI$pSgvDEam9V9jcdYpYDVkYMMwtSnRrFdf6Aqow82Tjr8=,2021-05-28 10:11:14,1,consectetuer.cursus@dapibusligula.org,1-184-288-2242,Lawrence,Wood,1,0,2021-07-18 12:13:08,TRUE,2022-08-31 06:27:47,1
184,pbkdf2_sha256$10000$T0BzrDwfZSrI$pSgvDEam9V9jcdYpYDVkYMMwtSnRrFdf6Aqow82Tjr8=,2022-01-10 15:40:41,1,enim.etiam.imperdiet@phaselluslibero.co.uk,(513) 593-4129,Raymond,Mckay,1,1,2020-12-27 13:47:22,FALSE,2021-08-14 01:14:39,0
185,pbkdf2_sha256$10000$T0BzrDwfZSrI$pSgvDEam9V9jcdYpYDVkYMMwtSnRrFdf6Aqow82Tjr8=,2021-01-06 13:47:04,1,vestibulum.mauris@urnanec.ca,1-750-564-0629,Conan,Dickson,1,0,2022-01-07 09:59:54,FALSE,2021-10-19 04:12:58,0
186,pbkdf2_sha256$10000$T0BzrDwfZSrI$pSgvDEam9V9jcdYpYDVkYMMwtSnRrFdf6Aqow82Tjr8=,2022-06-29 01:59:26,1,mollis@ornaresagittis.net,1-822-857-8733,Paki,Willis,0,0,2022-09-19 17:15:45,TRUE,2022-01-21 12:49:38,0
187,pbkdf2_sha256$10000$T0BzrDwfZSrI$pSgvDEam9V9jcdYpYDVkYMMwtSnRrFdf6Aqow82Tjr8=,2021-12-01 02:15:37,0,arcu@idsapien.co.uk,(363) 583-2961,Leilani,Yates,0,1,2021-12-09 16:10:17,FALSE,2021-03-02 20:17:43,1
188,pbkdf2_sha256$10000$T0BzrDwfZSrI$pSgvDEam9V9jcdYpYDVkYMMwtSnRrFdf6Aqow82Tjr8=,2022-10-23 06:06:39,0,turpis.in.condimentum@tempor.net,1-936-330-7971,Seth,Wynn,0,0,2021-07-11 15:45:33,TRUE,2022-01-16 09:04:32,1
189,pbkdf2_sha256$10000$T0BzrDwfZSrI$pSgvDEam9V9jcdYpYDVkYMMwtSnRrFdf6Aqow82Tjr8=,2022-01-01 13:24:39,0,sagittis@loremtristique.ca,(865) 427-4576,Orla,Bryant,1,1,2021-01-26 12:25:58,FALSE,2021-04-21 15:09:34,1
190,pbkdf2_sha256$10000$T0BzrDwfZSrI$pSgvDEam9V9jcdYpYDVkYMMwtSnRrFdf6Aqow82Tjr8=,2021-06-05 00:31:35,1,mollis.vitae@auctornunc.edu,(622) 363-2535,Lillian,Henson,0,1,2020-12-24 10:29:05,TRUE,2022-08-17 07:19:18,0
191,pbkdf2_sha256$10000$T0BzrDwfZSrI$pSgvDEam9V9jcdYpYDVkYMMwtSnRrFdf6Aqow82Tjr8=,2022-05-29 22:27:04,0,non.cursus@sed.org,1-661-276-1200,Emerald,Sawyer,1,1,2021-10-12 06:00:59,TRUE,2021-05-12 03:45:38,1
192,pbkdf2_sha256$10000$T0BzrDwfZSrI$pSgvDEam9V9jcdYpYDVkYMMwtSnRrFdf6Aqow82Tjr8=,2022-07-08 09:07:27,1,porttitor.vulputate@anteipsum.co.uk,(668) 289-4758,Alice,Duke,1,0,2021-11-05 23:53:24,FALSE,2021-11-20 16:26:04,0
193,pbkdf2_sha256$10000$T0BzrDwfZSrI$pSgvDEam9V9jcdYpYDVkYMMwtSnRrFdf6Aqow82Tjr8=,2021-12-20 14:38:29,0,nibh@nequenullam.org,(353) 376-7174,Kelly,Tyler,0,0,2021-12-12 07:19:53,FALSE,2022-04-04 12:03:23,1
194,pbkdf2_sha256$10000$T0BzrDwfZSrI$pSgvDEam9V9jcdYpYDVkYMMwtSnRrFdf6Aqow82Tjr8=,2022-07-13 22:06:22,1,porttitor.eros.nec@iaculisenimsit.edu,(358) 537-7957,Xantha,Travis,1,0,2021-11-27 15:07:18,FALSE,2022-05-13 19:39:12,1
195,pbkdf2_sha256$10000$T0BzrDwfZSrI$pSgvDEam9V9jcdYpYDVkYMMwtSnRrFdf6Aqow82Tjr8=,2020-11-14 00:41:57,0,aenean@antevivamusnon.org,1-924-248-5922,Joan,Bush,0,1,2021-02-14 16:42:07,FALSE,2021-05-12 13:35:10,1
196,pbkdf2_sha256$10000$T0BzrDwfZSrI$pSgvDEam9V9jcdYpYDVkYMMwtSnRrFdf6Aqow82Tjr8=,2022-07-16 09:13:51,1,sem@est.co.uk,(138) 343-1134,Guinevere,Delaney,0,1,2020-10-30 17:04:08,FALSE,2021-01-28 05:54:25,0
197,pbkdf2_sha256$10000$T0BzrDwfZSrI$pSgvDEam9V9jcdYpYDVkYMMwtSnRrFdf6Aqow82Tjr8=,2022-01-20 19:04:28,1,orci.in.consequat@sed.net,(360) 481-9551,Burke,Jensen,0,1,2022-10-10 17:26:00,FALSE,2020-12-08 17:09:05,1
198,pbkdf2_sha256$10000$T0BzrDwfZSrI$pSgvDEam9V9jcdYpYDVkYMMwtSnRrFdf6Aqow82Tjr8=,2022-06-09 11:39:53,0,a.purus@donecfelis.com,1-318-558-7263,Rae,Bird,0,0,2021-06-30 16:00:26,TRUE,2022-08-15 14:24:09,1
199,pbkdf2_sha256$10000$T0BzrDwfZSrI$pSgvDEam9V9jcdYpYDVkYMMwtSnRrFdf6Aqow82Tjr8=,2021-12-24 20:01:29,0,lacinia.orci.consectetuer@amet.org,1-144-385-8523,Orlando,Sharpe,1,0,2021-09-05 09:36:15,TRUE,2021-01-18 17:01:37,1
200,pbkdf2_sha256$10000$T0BzrDwfZSrI$pSgvDEam9V9jcdYpYDVkYMMwtSnRrFdf6Aqow82Tjr8=,2022-03-09 09:13:03,0,malesuada.fringilla@aliquetdiamsed.ca,1-520-811-4553,Neve,Ruiz,0,0,2022-04-05 15:34:03,TRUE,2021-09-10 23:32:28,0
201,pbkdf2_sha256$10000$T0BzrDwfZSrI$pSgvDEam9V9jcdYpYDVkYMMwtSnRrFdf6Aqow82Tjr8=,2021-08-01 07:10:46,0,tempor@anuncin.org,1-768-548-6979,Diana,Mckenzie,1,1,2020-12-05 01:39:49,TRUE,2022-05-13 01:17:20,1
202,pbkdf2_sha256$10000$T0BzrDwfZSrI$pSgvDEam9V9jcdYpYDVkYMMwtSnRrFdf6Aqow82Tjr8=,2021-07-03 07:27:34,0,est@nascetur.co.uk,(418) 661-2615,Amery,Santiago,0,1,2021-07-22 23:30:17,FALSE,2020-12-04 19:08:57,1
203,pbkdf2_sha256$10000$T0BzrDwfZSrI$pSgvDEam9V9jcdYpYDVkYMMwtSnRrFdf6Aqow82Tjr8=,2020-12-25 06:07:38,1,ipsum.donec.sollicitudin@proinvel.com,1-166-455-9686,Amity,Klein,1,0,2022-09-06 10:14:18,TRUE,2022-04-03 00:49:33,0
204,pbkdf2_sha256$10000$T0BzrDwfZSrI$pSgvDEam9V9jcdYpYDVkYMMwtSnRrFdf6Aqow82Tjr8=,2021-01-05 08:27:32,1,vitae.orci.phasellus@viverra.org,1-776-171-4637,Cade,Fox,1,1,2021-03-07 07:07:53,FALSE,2021-03-25 08:26:04,0
205,pbkdf2_sha256$10000$T0BzrDwfZSrI$pSgvDEam9V9jcdYpYDVkYMMwtSnRrFdf6Aqow82Tjr8=,2022-05-31 07:42:08,1,in.lorem.donec@enimsuspendisse.net,1-394-977-3362,Stacy,Noel,0,1,2020-12-14 03:38:11,FALSE,2021-11-05 04:06:43,1
206,pbkdf2_sha256$10000$T0BzrDwfZSrI$pSgvDEam9V9jcdYpYDVkYMMwtSnRrFdf6Aqow82Tjr8=,2021-06-06 05:42:47,0,duis.mi@ipsum.com,(578) 717-9286,Gareth,Morse,0,0,2021-06-20 21:14:24,TRUE,2021-11-08 03:27:13,0
207,pbkdf2_sha256$10000$T0BzrDwfZSrI$pSgvDEam9V9jcdYpYDVkYMMwtSnRrFdf6Aqow82Tjr8=,2022-06-11 18:29:11,1,aliquet@aliquetlobortisnisi.edu,(513) 411-2377,Madison,Benson,0,1,2021-03-12 21:01:32,FALSE,2021-07-21 01:54:27,0
208,pbkdf2_sha256$10000$T0BzrDwfZSrI$pSgvDEam9V9jcdYpYDVkYMMwtSnRrFdf6Aqow82Tjr8=,2021-12-28 15:19:01,1,euismod@massainteger.ca,(260) 727-7310,Jesse,Tran,1,1,2021-10-31 20:27:41,FALSE,2022-06-19 19:07:53,1
209,pbkdf2_sha256$10000$T0BzrDwfZSrI$pSgvDEam9V9jcdYpYDVkYMMwtSnRrFdf6Aqow82Tjr8=,2021-06-19 04:58:17,1,nullam@vivamusmolestie.org,1-673-527-7486,Lacy,Jacobs,1,1,2021-01-25 21:46:27,FALSE,2020-12-20 22:25:07,1
210,pbkdf2_sha256$10000$T0BzrDwfZSrI$pSgvDEam9V9jcdYpYDVkYMMwtSnRrFdf6Aqow82Tjr8=,2021-07-12 10:08:10,0,consequat.auctor@sapien.edu,1-214-314-6176,Whoopi,Craft,0,1,2021-03-20 09:46:13,TRUE,2021-08-22 22:39:22,1
211,pbkdf2_sha256$10000$T0BzrDwfZSrI$pSgvDEam9V9jcdYpYDVkYMMwtSnRrFdf6Aqow82Tjr8=,2021-10-12 12:09:38,1,ac.metus@iaculis.co.uk,1-732-147-4397,Iris,Gomez,0,1,2022-03-30 08:03:18,TRUE,2022-09-17 01:21:17,1
212,pbkdf2_sha256$10000$T0BzrDwfZSrI$pSgvDEam9V9jcdYpYDVkYMMwtSnRrFdf6Aqow82Tjr8=,2021-06-06 03:41:22,1,enim.nisl@praesent.com,(757) 527-7686,Miriam,Chandler,0,1,2022-02-28 17:49:46,TRUE,2021-04-21 15:47:57,0
213,pbkdf2_sha256$10000$T0BzrDwfZSrI$pSgvDEam9V9jcdYpYDVkYMMwtSnRrFdf6Aqow82Tjr8=,2021-10-23 09:54:48,0,neque@pellentesque.edu,(126) 570-2346,Cara,Wright,0,1,2021-08-30 06:36:22,TRUE,2021-06-21 10:46:23,0
214,pbkdf2_sha256$10000$T0BzrDwfZSrI$pSgvDEam9V9jcdYpYDVkYMMwtSnRrFdf6Aqow82Tjr8=,2021-10-24 12:03:16,0,donec.elementum@metusvitaevelit.edu,1-430-242-0056,Lionel,Mathis,1,1,2022-06-28 23:20:24,TRUE,2020-10-30 11:17:54,1
215,pbkdf2_sha256$10000$T0BzrDwfZSrI$pSgvDEam9V9jcdYpYDVkYMMwtSnRrFdf6Aqow82Tjr8=,2022-08-27 13:44:02,1,nec.ligula.consectetuer@sem.com,1-842-814-6444,Gay,Mccoy,1,1,2021-12-23 07:07:23,TRUE,2020-12-28 15:36:29,0
216,pbkdf2_sha256$10000$T0BzrDwfZSrI$pSgvDEam9V9jcdYpYDVkYMMwtSnRrFdf6Aqow82Tjr8=,2022-03-13 03:46:07,0,ipsum.ac@mattis.ca,1-276-684-0415,Jolie,Bond,0,0,2020-11-27 09:18:16,TRUE,2022-02-05 20:52:25,0
217,pbkdf2_sha256$10000$T0BzrDwfZSrI$pSgvDEam9V9jcdYpYDVkYMMwtSnRrFdf6Aqow82Tjr8=,2022-02-05 06:17:51,1,adipiscing@seddictumeleifend.com,(212) 707-0362,Cedric,Gamble,0,1,2022-02-05 07:42:04,TRUE,2021-04-09 06:46:05,1
218,pbkdf2_sha256$10000$T0BzrDwfZSrI$pSgvDEam9V9jcdYpYDVkYMMwtSnRrFdf6Aqow82Tjr8=,2021-09-15 13:34:16,1,ornare.lectus@tellusphasellus.org,(641) 267-7868,Maia,Hutchinson,1,1,2022-01-21 01:03:00,TRUE,2021-11-12 13:08:24,1
219,pbkdf2_sha256$10000$T0BzrDwfZSrI$pSgvDEam9V9jcdYpYDVkYMMwtSnRrFdf6Aqow82Tjr8=,2021-03-13 15:27:39,1,semper@tellusnunc.edu,(815) 581-5830,Orlando,Cobb,0,0,2022-08-16 04:05:03,TRUE,2022-07-29 14:08:06,0
220,pbkdf2_sha256$10000$T0BzrDwfZSrI$pSgvDEam9V9jcdYpYDVkYMMwtSnRrFdf6Aqow82Tjr8=,2021-01-22 14:32:09,0,quam.curabitur@proinvelitsed.edu,(117) 936-1978,Jameson,Levine,0,0,2022-01-24 23:28:28,TRUE,2022-05-15 21:20:52,1
221,pbkdf2_sha256$10000$T0BzrDwfZSrI$pSgvDEam9V9jcdYpYDVkYMMwtSnRrFdf6Aqow82Tjr8=,2022-07-16 12:15:54,1,nulla@arcueuodio.co.uk,1-883-493-5615,Urielle,Hayes,1,1,2021-01-15 11:05:50,FALSE,2021-11-02 18:26:27,0
222,pbkdf2_sha256$10000$T0BzrDwfZSrI$pSgvDEam9V9jcdYpYDVkYMMwtSnRrFdf6Aqow82Tjr8=,2022-07-13 01:13:47,1,ornare@elit.net,(444) 844-5373,Xenos,Richard,0,1,2022-08-05 00:56:21,TRUE,2021-08-14 03:19:23,1
223,pbkdf2_sha256$10000$T0BzrDwfZSrI$pSgvDEam9V9jcdYpYDVkYMMwtSnRrFdf6Aqow82Tjr8=,2021-10-21 04:51:37,1,elementum.sem@sedet.edu,1-556-456-1286,Jason,Ramos,1,1,2022-04-23 06:54:24,TRUE,2021-08-15 19:12:46,1
224,pbkdf2_sha256$10000$T0BzrDwfZSrI$pSgvDEam9V9jcdYpYDVkYMMwtSnRrFdf6Aqow82Tjr8=,2021-01-01 20:10:06,0,ipsum@interdumcurabitur.com,(320) 475-1408,Jared,Hoffman,0,1,2022-07-15 13:19:43,FALSE,2022-01-12 17:48:36,0
225,pbkdf2_sha256$10000$T0BzrDwfZSrI$pSgvDEam9V9jcdYpYDVkYMMwtSnRrFdf6Aqow82Tjr8=,2022-05-16 05:45:16,0,at.sem@ipsumphasellusvitae.com,(474) 771-5564,Paula,Hooper,1,1,2022-05-16 04:48:23,FALSE,2022-08-09 11:55:46,0
226,pbkdf2_sha256$10000$T0BzrDwfZSrI$pSgvDEam9V9jcdYpYDVkYMMwtSnRrFdf6Aqow82Tjr8=,2021-07-11 03:21:34,1,orci.sem.eget@dictumphasellusin.co.uk,(376) 402-6605,Murphy,Cash,1,1,2020-11-23 09:20:47,TRUE,2022-02-12 10:20:29,1
227,pbkdf2_sha256$10000$T0BzrDwfZSrI$pSgvDEam9V9jcdYpYDVkYMMwtSnRrFdf6Aqow82Tjr8=,2021-05-16 02:08:01,1,vitae@nunc.net,(563) 933-6218,Logan,Roy,0,0,2022-06-21 12:04:12,TRUE,2021-05-17 21:19:21,0
228,pbkdf2_sha256$10000$T0BzrDwfZSrI$pSgvDEam9V9jcdYpYDVkYMMwtSnRrFdf6Aqow82Tjr8=,2022-08-02 03:22:01,1,amet@integer.com,1-321-564-8326,Luke,Humphrey,0,0,2021-10-02 16:41:50,TRUE,2022-01-28 10:28:15,0
229,pbkdf2_sha256$10000$T0BzrDwfZSrI$pSgvDEam9V9jcdYpYDVkYMMwtSnRrFdf6Aqow82Tjr8=,2022-04-05 14:31:33,1,quisque@tortornunc.com,1-587-323-0987,Dorian,Sanders,1,0,2021-03-26 02:03:28,TRUE,2022-01-16 11:07:34,1
230,pbkdf2_sha256$10000$T0BzrDwfZSrI$pSgvDEam9V9jcdYpYDVkYMMwtSnRrFdf6Aqow82Tjr8=,2021-11-04 00:15:01,0,adipiscing.elit@sedleo.net,(906) 180-4108,Jacob,Blair,0,1,2022-06-19 19:57:31,TRUE,2022-10-04 01:22:20,1
231,pbkdf2_sha256$10000$T0BzrDwfZSrI$pSgvDEam9V9jcdYpYDVkYMMwtSnRrFdf6Aqow82Tjr8=,2021-04-04 21:02:09,0,lorem.ipsum@eu.edu,(718) 366-7254,Britanney,Potter,0,1,2021-05-05 20:57:00,FALSE,2021-06-24 01:12:36,0
232,pbkdf2_sha256$10000$T0BzrDwfZSrI$pSgvDEam9V9jcdYpYDVkYMMwtSnRrFdf6Aqow82Tjr8=,2022-03-24 03:45:20,0,non.enim.mauris@dignissimlacus.com,(317) 218-1987,Moana,Parks,1,0,2022-07-11 10:08:33,FALSE,2021-03-13 16:40:14,1
233,pbkdf2_sha256$10000$T0BzrDwfZSrI$pSgvDEam9V9jcdYpYDVkYMMwtSnRrFdf6Aqow82Tjr8=,2022-08-07 00:57:35,0,montes@molestiesed.org,1-358-468-8602,Rajah,Mathews,1,1,2022-03-11 06:22:53,FALSE,2022-08-06 14:58:48,0
234,pbkdf2_sha256$10000$T0BzrDwfZSrI$pSgvDEam9V9jcdYpYDVkYMMwtSnRrFdf6Aqow82Tjr8=,2022-01-17 02:01:46,0,etiam@tinciduntdonec.net,(771) 330-2263,Gray,Ford,1,1,2021-06-08 17:50:27,TRUE,2022-08-12 21:48:04,1
235,pbkdf2_sha256$10000$T0BzrDwfZSrI$pSgvDEam9V9jcdYpYDVkYMMwtSnRrFdf6Aqow82Tjr8=,2021-04-11 15:56:29,1,enim.suspendisse@pellentesquetellus.edu,(313) 763-7277,Brenda,Walls,0,1,2022-01-12 05:32:45,TRUE,2022-02-01 22:58:36,1
236,pbkdf2_sha256$10000$T0BzrDwfZSrI$pSgvDEam9V9jcdYpYDVkYMMwtSnRrFdf6Aqow82Tjr8=,2021-05-19 06:00:12,0,pellentesque@posuere.net,(938) 586-6662,Darius,Chang,0,1,2021-12-22 19:12:21,FALSE,2022-09-29 12:17:11,1
237,pbkdf2_sha256$10000$T0BzrDwfZSrI$pSgvDEam9V9jcdYpYDVkYMMwtSnRrFdf6Aqow82Tjr8=,2022-01-03 06:29:23,1,curabitur.sed@elitpretium.edu,1-574-538-5607,Sade,Meyer,0,0,2021-03-12 14:02:44,TRUE,2022-01-26 08:11:49,0
238,pbkdf2_sha256$10000$T0BzrDwfZSrI$pSgvDEam9V9jcdYpYDVkYMMwtSnRrFdf6Aqow82Tjr8=,2021-08-01 23:43:54,1,nunc@sedeueros.ca,1-303-813-6771,Anjolie,Leonard,1,1,2021-05-15 13:41:21,TRUE,2021-11-26 11:28:14,0
239,pbkdf2_sha256$10000$T0BzrDwfZSrI$pSgvDEam9V9jcdYpYDVkYMMwtSnRrFdf6Aqow82Tjr8=,2022-01-27 17:47:58,1,tincidunt.adipiscing.mauris@nislarcuiaculis.com,(346) 615-8884,Garth,Sosa,1,0,2022-05-14 03:02:58,FALSE,2020-11-15 13:44:08,1
240,pbkdf2_sha256$10000$T0BzrDwfZSrI$pSgvDEam9V9jcdYpYDVkYMMwtSnRrFdf6Aqow82Tjr8=,2021-05-20 17:15:07,1,magna@lacusut.co.uk,1-621-803-2968,Alan,Melendez,0,0,2022-08-16 06:27:35,FALSE,2021-07-21 03:39:29,0
241,pbkdf2_sha256$10000$T0BzrDwfZSrI$pSgvDEam9V9jcdYpYDVkYMMwtSnRrFdf6Aqow82Tjr8=,2021-08-30 19:17:51,0,sociosqu.ad.litora@feugiatplacerat.org,(703) 484-6245,Lucian,Olsen,1,1,2021-07-08 21:40:46,TRUE,2021-06-01 20:34:59,1
242,pbkdf2_sha256$10000$T0BzrDwfZSrI$pSgvDEam9V9jcdYpYDVkYMMwtSnRrFdf6Aqow82Tjr8=,2022-02-27 13:22:50,1,aenean.massa.integer@quis.net,(952) 755-1344,Yoshio,Nieves,0,0,2021-04-06 04:05:32,TRUE,2021-10-18 21:57:46,0
243,pbkdf2_sha256$10000$T0BzrDwfZSrI$pSgvDEam9V9jcdYpYDVkYMMwtSnRrFdf6Aqow82Tjr8=,2022-03-19 10:05:44,1,dictum.augue@posuerecubilia.net,(516) 239-8616,Ignatius,Wilcox,0,1,2021-04-18 08:05:24,FALSE,2021-09-08 14:04:55,0
244,pbkdf2_sha256$10000$T0BzrDwfZSrI$pSgvDEam9V9jcdYpYDVkYMMwtSnRrFdf6Aqow82Tjr8=,2021-02-17 01:21:41,0,vulputate.posuere@volutpatnunc.org,(271) 733-0611,Macon,Sanchez,0,0,2021-11-05 05:03:02,FALSE,2020-11-10 10:12:48,0
245,pbkdf2_sha256$10000$T0BzrDwfZSrI$pSgvDEam9V9jcdYpYDVkYMMwtSnRrFdf6Aqow82Tjr8=,2020-11-20 07:13:47,1,sem@diamvel.co.uk,(835) 263-2522,Hamish,Hughes,0,1,2022-04-16 21:42:20,TRUE,2021-09-23 11:31:04,0
246,pbkdf2_sha256$10000$T0BzrDwfZSrI$pSgvDEam9V9jcdYpYDVkYMMwtSnRrFdf6Aqow82Tjr8=,2021-01-21 11:44:44,1,placerat@enimcommodohendrerit.ca,1-227-658-3342,Nolan,Short,1,1,2021-04-30 14:43:25,TRUE,2021-05-30 04:09:10,1
247,pbkdf2_sha256$10000$T0BzrDwfZSrI$pSgvDEam9V9jcdYpYDVkYMMwtSnRrFdf6Aqow82Tjr8=,2022-08-01 05:25:17,1,sit.amet@eratin.ca,(475) 546-3185,Bruce,Wolfe,0,0,2020-11-12 10:46:49,TRUE,2021-11-03 06:32:32,0
248,pbkdf2_sha256$10000$T0BzrDwfZSrI$pSgvDEam9V9jcdYpYDVkYMMwtSnRrFdf6Aqow82Tjr8=,2021-07-16 10:47:49,0,ornare@vitae.com,1-653-210-5311,Porter,Guerra,1,1,2021-01-06 16:00:26,FALSE,2022-01-17 20:33:25,1
249,pbkdf2_sha256$10000$T0BzrDwfZSrI$pSgvDEam9V9jcdYpYDVkYMMwtSnRrFdf6Aqow82Tjr8=,2021-07-11 06:46:30,1,eu.nulla@vellectuscum.ca,1-733-314-6351,Dale,Hodge,1,1,2021-05-09 18:28:23,TRUE,2022-02-25 16:59:18,0
250,pbkdf2_sha256$10000$T0BzrDwfZSrI$pSgvDEam9V9jcdYpYDVkYMMwtSnRrFdf6Aqow82Tjr8=,2022-03-24 18:22:52,0,vestibulum@interdumsed.edu,1-858-965-9470,Valentine,Knox,0,1,2021-09-07 19:20:34,TRUE,2022-07-22 22:25:39,1
251,pbkdf2_sha256$10000$T0BzrDwfZSrI$pSgvDEam9V9jcdYpYDVkYMMwtSnRrFdf6Aqow82Tjr8=,2022-10-01 23:47:28,0,donec@inmipede.net,(882) 332-1226,Gregory,Simon,1,0,2021-05-14 12:36:20,FALSE,2021-09-22 13:47:26,0
252,pbkdf2_sha256$10000$T0BzrDwfZSrI$pSgvDEam9V9jcdYpYDVkYMMwtSnRrFdf6Aqow82Tjr8=,2021-05-31 23:10:47,1,nibh.vulputate.mauris@mollisnon.ca,(284) 675-5579,Kimberley,Ochoa,1,0,2022-05-16 12:59:39,TRUE,2022-10-11 22:42:39,1
253,pbkdf2_sha256$10000$T0BzrDwfZSrI$pSgvDEam9V9jcdYpYDVkYMMwtSnRrFdf6Aqow82Tjr8=,2020-11-20 13:12:53,0,dapibus@maurissit.ca,1-381-687-3935,Orson,Houston,1,1,2020-10-28 09:31:29,TRUE,2022-06-08 03:27:45,0
254,pbkdf2_sha256$10000$T0BzrDwfZSrI$pSgvDEam9V9jcdYpYDVkYMMwtSnRrFdf6Aqow82Tjr8=,2021-05-09 14:24:01,1,et.libero@mauriserat.org,1-177-264-4766,Ulysses,Coleman,0,0,2020-12-20 04:38:29,FALSE,2021-05-01 03:30:50,1
255,pbkdf2_sha256$10000$T0BzrDwfZSrI$pSgvDEam9V9jcdYpYDVkYMMwtSnRrFdf6Aqow82Tjr8=,2021-09-18 21:57:57,1,molestie@euodiophasellus.com,(437) 536-9745,Ethan,Bailey,0,1,2021-02-02 15:05:46,FALSE,2021-09-21 04:11:57,1
256,pbkdf2_sha256$10000$T0BzrDwfZSrI$pSgvDEam9V9jcdYpYDVkYMMwtSnRrFdf6Aqow82Tjr8=,2022-01-06 09:02:24,1,vestibulum@inmagna.edu,1-617-634-5356,Inez,Foster,0,0,2022-10-13 17:35:09,TRUE,2022-06-29 05:45:42,1
257,pbkdf2_sha256$10000$T0BzrDwfZSrI$pSgvDEam9V9jcdYpYDVkYMMwtSnRrFdf6Aqow82Tjr8=,2021-06-16 00:16:14,1,aliquet.molestie.tellus@neque.net,1-468-950-3148,Hedda,Randolph,1,0,2022-09-11 16:43:48,FALSE,2022-09-21 09:53:20,1
258,pbkdf2_sha256$10000$T0BzrDwfZSrI$pSgvDEam9V9jcdYpYDVkYMMwtSnRrFdf6Aqow82Tjr8=,2021-08-17 00:42:24,0,adipiscing.non.luctus@aliquam.edu,(383) 974-8977,Noah,Morton,0,1,2022-01-16 02:53:27,FALSE,2022-01-27 12:15:04,0
259,pbkdf2_sha256$10000$T0BzrDwfZSrI$pSgvDEam9V9jcdYpYDVkYMMwtSnRrFdf6Aqow82Tjr8=,2022-03-23 21:10:35,0,turpis.egestas.aliquam@inmi.edu,(368) 788-6905,Nora,Douglas,0,1,2021-01-13 14:29:40,FALSE,2021-05-16 04:55:26,0
260,pbkdf2_sha256$10000$T0BzrDwfZSrI$pSgvDEam9V9jcdYpYDVkYMMwtSnRrFdf6Aqow82Tjr8=,2020-11-12 00:18:22,0,tincidunt.tempus.risus@aliquamadipiscing.ca,1-913-138-9972,Ramona,Chen,1,0,2022-09-30 22:52:50,TRUE,2022-08-11 07:06:53,1
261,pbkdf2_sha256$10000$T0BzrDwfZSrI$pSgvDEam9V9jcdYpYDVkYMMwtSnRrFdf6Aqow82Tjr8=,2021-08-25 22:27:56,1,diam@donec.com,(610) 276-7874,Judah,Moss,0,1,2021-10-18 08:33:38,FALSE,2021-01-14 05:38:11,0
262,pbkdf2_sha256$10000$T0BzrDwfZSrI$pSgvDEam9V9jcdYpYDVkYMMwtSnRrFdf6Aqow82Tjr8=,2021-03-20 12:09:33,0,eu@arcu.net,(243) 588-4065,Brody,Mayo,1,1,2022-07-29 09:13:11,FALSE,2021-01-18 04:11:34,1
263,pbkdf2_sha256$10000$T0BzrDwfZSrI$pSgvDEam9V9jcdYpYDVkYMMwtSnRrFdf6Aqow82Tjr8=,2022-03-13 11:54:59,1,augue.malesuada.malesuada@ac.co.uk,1-236-197-4549,Cullen,Mckinney,0,0,2022-10-18 00:16:26,TRUE,2022-05-28 05:35:00,1
264,pbkdf2_sha256$10000$T0BzrDwfZSrI$pSgvDEam9V9jcdYpYDVkYMMwtSnRrFdf6Aqow82Tjr8=,2021-01-01 07:27:51,0,vestibulum@porttitorscelerisque.edu,1-446-418-3947,Chelsea,Bray,1,0,2021-03-25 06:08:20,FALSE,2022-05-27 11:51:46,0
265,pbkdf2_sha256$10000$T0BzrDwfZSrI$pSgvDEam9V9jcdYpYDVkYMMwtSnRrFdf6Aqow82Tjr8=,2021-10-27 15:40:52,0,sit.amet@loremac.edu,(617) 514-6384,Neville,Moore,1,1,2022-04-21 17:56:54,TRUE,2022-05-23 17:25:06,1
266,pbkdf2_sha256$10000$T0BzrDwfZSrI$pSgvDEam9V9jcdYpYDVkYMMwtSnRrFdf6Aqow82Tjr8=,2022-02-21 01:23:52,1,sed@iaculisodio.com,(315) 663-2545,Alyssa,Hodge,0,1,2022-02-11 04:18:05,TRUE,2021-07-20 19:25:03,0
267,pbkdf2_sha256$10000$T0BzrDwfZSrI$pSgvDEam9V9jcdYpYDVkYMMwtSnRrFdf6Aqow82Tjr8=,2020-12-07 10:08:30,1,tellus@cursusnon.co.uk,(663) 677-7981,Myra,Slater,0,0,2021-04-17 14:29:04,FALSE,2021-12-12 11:20:37,0
268,pbkdf2_sha256$10000$T0BzrDwfZSrI$pSgvDEam9V9jcdYpYDVkYMMwtSnRrFdf6Aqow82Tjr8=,2020-11-01 04:01:24,1,bibendum@in.com,1-541-374-4393,Xantha,Lynn,1,1,2021-11-22 17:10:54,FALSE,2021-05-31 12:23:35,0
269,pbkdf2_sha256$10000$T0BzrDwfZSrI$pSgvDEam9V9jcdYpYDVkYMMwtSnRrFdf6Aqow82Tjr8=,2021-06-23 14:12:37,1,aliquet@fuscediam.com,(733) 784-7084,Montana,Sweeney,0,0,2022-05-08 20:31:01,TRUE,2022-03-25 16:58:06,1
270,pbkdf2_sha256$10000$T0BzrDwfZSrI$pSgvDEam9V9jcdYpYDVkYMMwtSnRrFdf6Aqow82Tjr8=,2022-10-22 17:07:15,1,sapien.aenean@sit.edu,1-564-951-5525,Geoffrey,Parker,1,0,2021-01-19 02:20:12,FALSE,2022-02-25 01:45:13,0
271,pbkdf2_sha256$10000$T0BzrDwfZSrI$pSgvDEam9V9jcdYpYDVkYMMwtSnRrFdf6Aqow82Tjr8=,2021-03-19 09:49:16,1,neque.et.nunc@malesuada.org,(709) 782-3850,Kylee,Sharp,0,0,2021-09-14 11:25:21,TRUE,2022-10-17 02:53:48,0
272,pbkdf2_sha256$10000$T0BzrDwfZSrI$pSgvDEam9V9jcdYpYDVkYMMwtSnRrFdf6Aqow82Tjr8=,2021-10-15 18:50:31,0,justo.praesent.luctus@libero.edu,1-374-711-5722,Carly,Franks,0,0,2021-01-08 11:43:51,FALSE,2021-01-30 16:49:31,1
273,pbkdf2_sha256$10000$T0BzrDwfZSrI$pSgvDEam9V9jcdYpYDVkYMMwtSnRrFdf6Aqow82Tjr8=,2022-06-05 02:39:22,0,non.vestibulum@maurismolestie.com,(954) 307-9182,Xenos,Garner,1,0,2021-03-04 02:34:19,FALSE,2021-03-05 10:01:24,1
274,pbkdf2_sha256$10000$T0BzrDwfZSrI$pSgvDEam9V9jcdYpYDVkYMMwtSnRrFdf6Aqow82Tjr8=,2020-12-19 11:10:18,1,arcu.imperdiet@sollicitudin.org,(778) 479-1118,Abel,Haney,1,0,2022-06-03 06:47:55,FALSE,2021-12-26 07:47:59,1
275,pbkdf2_sha256$10000$T0BzrDwfZSrI$pSgvDEam9V9jcdYpYDVkYMMwtSnRrFdf6Aqow82Tjr8=,2021-07-24 11:38:06,0,mauris.suspendisse.aliquet@amet.org,1-867-543-4896,Quentin,Mullins,0,1,2021-01-14 16:07:21,FALSE,2022-03-22 04:32:41,1
276,pbkdf2_sha256$10000$T0BzrDwfZSrI$pSgvDEam9V9jcdYpYDVkYMMwtSnRrFdf6Aqow82Tjr8=,2022-09-16 07:47:48,1,urna.et.arcu@utdolor.co.uk,1-637-254-3522,Belle,Simon,1,1,2022-02-22 15:11:47,FALSE,2022-05-09 20:39:58,0
277,pbkdf2_sha256$10000$T0BzrDwfZSrI$pSgvDEam9V9jcdYpYDVkYMMwtSnRrFdf6Aqow82Tjr8=,2021-01-03 00:04:36,1,nulla.facilisi@molestietellus.org,(785) 879-3447,Peter,Webb,0,0,2021-03-13 16:27:01,FALSE,2021-07-10 18:47:39,1
278,pbkdf2_sha256$10000$T0BzrDwfZSrI$pSgvDEam9V9jcdYpYDVkYMMwtSnRrFdf6Aqow82Tjr8=,2021-03-22 15:18:51,0,nec@dapibus.com,1-313-129-1601,Nehru,Bradshaw,0,1,2022-02-19 09:04:19,FALSE,2022-02-23 13:05:21,0
279,pbkdf2_sha256$10000$T0BzrDwfZSrI$pSgvDEam9V9jcdYpYDVkYMMwtSnRrFdf6Aqow82Tjr8=,2021-05-07 03:58:59,1,imperdiet.nec.leo@inaliquetlobortis.ca,1-854-749-4418,Cody,Glover,0,1,2022-01-25 06:53:19,FALSE,2021-08-01 09:22:12,0
280,pbkdf2_sha256$10000$T0BzrDwfZSrI$pSgvDEam9V9jcdYpYDVkYMMwtSnRrFdf6Aqow82Tjr8=,2021-04-07 15:17:03,1,nisl.sem@felisorciadipiscing.net,1-569-829-6265,Raphael,Christian,1,1,2022-03-13 13:59:15,TRUE,2021-02-13 23:52:50,0
281,pbkdf2_sha256$10000$T0BzrDwfZSrI$pSgvDEam9V9jcdYpYDVkYMMwtSnRrFdf6Aqow82Tjr8=,2022-06-14 22:31:51,1,euismod@nullaanteiaculis.org,1-435-777-1578,Cruz,Cain,0,0,2022-06-24 01:11:07,FALSE,2021-07-10 18:04:28,0
282,pbkdf2_sha256$10000$T0BzrDwfZSrI$pSgvDEam9V9jcdYpYDVkYMMwtSnRrFdf6Aqow82Tjr8=,2020-11-15 05:48:13,1,nullam.lobortis.quam@aliquamornarelibero.edu,(712) 899-4097,Keith,Boyle,0,0,2021-03-17 13:33:22,FALSE,2022-04-28 23:30:39,0
283,pbkdf2_sha256$10000$T0BzrDwfZSrI$pSgvDEam9V9jcdYpYDVkYMMwtSnRrFdf6Aqow82Tjr8=,2022-06-16 23:56:59,0,et.libero@orciut.org,(878) 612-9272,Kyla,Mcfarland,0,1,2021-10-11 02:18:36,TRUE,2022-08-11 01:55:16,1
284,pbkdf2_sha256$10000$T0BzrDwfZSrI$pSgvDEam9V9jcdYpYDVkYMMwtSnRrFdf6Aqow82Tjr8=,2022-06-01 22:50:11,1,id.ante@aliquamnislnulla.co.uk,1-939-700-1276,Ramona,Daniel,1,1,2021-08-08 17:35:12,FALSE,2022-09-22 13:48:54,1
285,pbkdf2_sha256$10000$T0BzrDwfZSrI$pSgvDEam9V9jcdYpYDVkYMMwtSnRrFdf6Aqow82Tjr8=,2021-06-01 02:56:31,0,nibh.donec@nonummyipsum.com,1-712-882-2124,Kareem,Grant,1,0,2021-06-07 16:25:07,TRUE,2021-03-25 22:55:00,1
286,pbkdf2_sha256$10000$T0BzrDwfZSrI$pSgvDEam9V9jcdYpYDVkYMMwtSnRrFdf6Aqow82Tjr8=,2021-11-28 13:39:03,1,quisque.purus@non.org,1-602-455-4743,Jerome,Olson,0,1,2021-07-17 23:51:23,FALSE,2022-01-24 07:41:29,1
287,pbkdf2_sha256$10000$T0BzrDwfZSrI$pSgvDEam9V9jcdYpYDVkYMMwtSnRrFdf6Aqow82Tjr8=,2022-05-09 18:33:14,1,phasellus.fermentum@turpisnec.ca,1-256-671-7083,Cailin,Dean,0,1,2020-12-24 00:21:20,FALSE,2021-01-15 05:56:47,0
288,pbkdf2_sha256$10000$T0BzrDwfZSrI$pSgvDEam9V9jcdYpYDVkYMMwtSnRrFdf6Aqow82Tjr8=,2021-05-23 12:08:36,0,enim.consequat.purus@nullaaliquet.ca,(267) 238-7184,Nigel,Bird,1,0,2022-07-29 06:56:05,TRUE,2022-07-08 10:28:28,1
289,pbkdf2_sha256$10000$T0BzrDwfZSrI$pSgvDEam9V9jcdYpYDVkYMMwtSnRrFdf6Aqow82Tjr8=,2022-03-21 12:06:55,0,ipsum.suspendisse.sagittis@vulputaterisus.org,(602) 443-8743,Howard,Baird,0,1,2022-08-19 22:53:48,FALSE,2021-01-04 20:28:44,1
290,pbkdf2_sha256$10000$T0BzrDwfZSrI$pSgvDEam9V9jcdYpYDVkYMMwtSnRrFdf6Aqow82Tjr8=,2020-11-24 20:17:10,1,est.mollis.non@dapibusquamquis.ca,1-332-648-0188,Honorato,Steele,0,1,2021-02-24 03:14:36,FALSE,2022-08-23 08:55:00,0
291,pbkdf2_sha256$10000$T0BzrDwfZSrI$pSgvDEam9V9jcdYpYDVkYMMwtSnRrFdf6Aqow82Tjr8=,2021-01-12 06:46:38,1,lectus.quis@orciut.org,(643) 356-2664,Doris,Hubbard,0,1,2021-05-07 00:17:07,TRUE,2020-11-13 01:29:37,1
292,pbkdf2_sha256$10000$T0BzrDwfZSrI$pSgvDEam9V9jcdYpYDVkYMMwtSnRrFdf6Aqow82Tjr8=,2022-09-12 22:28:09,0,urna.suscipit@idenimcurabitur.co.uk,1-321-753-3665,Mercedes,Lancaster,1,0,2020-11-26 10:05:42,FALSE,2022-09-18 19:29:19,0
293,pbkdf2_sha256$10000$T0BzrDwfZSrI$pSgvDEam9V9jcdYpYDVkYMMwtSnRrFdf6Aqow82Tjr8=,2021-09-06 21:54:52,0,ac.mattis@velitin.org,(618) 571-6389,Rae,Gonzales,1,0,2022-10-18 16:01:33,TRUE,2022-07-27 17:30:57,1
294,pbkdf2_sha256$10000$T0BzrDwfZSrI$pSgvDEam9V9jcdYpYDVkYMMwtSnRrFdf6Aqow82Tjr8=,2022-07-25 06:03:19,0,ac.metus@velitegestaslacinia.edu,(784) 210-8197,Desiree,Slater,0,1,2021-09-18 13:03:09,FALSE,2021-03-21 17:36:53,0
295,pbkdf2_sha256$10000$T0BzrDwfZSrI$pSgvDEam9V9jcdYpYDVkYMMwtSnRrFdf6Aqow82Tjr8=,2021-02-13 17:39:14,0,nulla.aliquet@nectempusscelerisque.ca,1-179-232-5477,Laurel,Shaffer,0,0,2020-12-13 13:48:15,TRUE,2022-09-26 12:15:58,0
296,pbkdf2_sha256$10000$T0BzrDwfZSrI$pSgvDEam9V9jcdYpYDVkYMMwtSnRrFdf6Aqow82Tjr8=,2022-05-28 19:49:57,1,vitae.purus.gravida@mattisinteger.ca,1-363-668-2061,Brooke,Bradshaw,1,1,2021-06-27 00:17:01,FALSE,2021-05-20 00:52:27,1
297,pbkdf2_sha256$10000$T0BzrDwfZSrI$pSgvDEam9V9jcdYpYDVkYMMwtSnRrFdf6Aqow82Tjr8=,2021-08-11 18:41:55,1,vitae.semper.egestas@tristiquepharetra.org,1-285-384-6828,Pandora,Munoz,1,0,2022-09-23 07:43:31,FALSE,2021-10-12 01:40:09,1
298,pbkdf2_sha256$10000$T0BzrDwfZSrI$pSgvDEam9V9jcdYpYDVkYMMwtSnRrFdf6Aqow82Tjr8=,2022-02-20 15:11:14,1,nullam@orci.ca,(754) 722-2638,Mannix,Luna,0,1,2022-10-04 05:40:02,FALSE,2022-02-19 07:08:40,0
299,pbkdf2_sha256$10000$T0BzrDwfZSrI$pSgvDEam9V9jcdYpYDVkYMMwtSnRrFdf6Aqow82Tjr8=,2022-04-19 18:30:17,0,curabitur@interdumligula.org,(856) 121-8976,Lionel,Ayers,0,1,2022-02-23 19:15:50,TRUE,2021-06-19 07:10:24,1
300,pbkdf2_sha256$10000$T0BzrDwfZSrI$pSgvDEam9V9jcdYpYDVkYMMwtSnRrFdf6Aqow82Tjr8=,2022-03-16 09:59:21,0,vel.mauris@ametconsectetuer.net,1-406-125-2682,Lara,Powers,0,1,2022-10-08 02:40:05,TRUE,2021-04-05 12:41:48,1
301,pbkdf2_sha256$10000$T0BzrDwfZSrI$pSgvDEam9V9jcdYpYDVkYMMwtSnRrFdf6Aqow82Tjr8=,2021-02-12 14:35:29,0,ullamcorper.eu@infaucibus.ca,(737) 585-5615,Zachary,Hansen,0,1,2021-08-22 23:11:08,TRUE,2022-07-27 10:34:26,0
302,pbkdf2_sha256$10000$T0BzrDwfZSrI$pSgvDEam9V9jcdYpYDVkYMMwtSnRrFdf6Aqow82Tjr8=,2022-01-08 19:28:26,0,dolor.sit.amet@nonloremvitae.ca,(149) 810-1681,Giacomo,Cohen,1,0,2020-11-23 17:39:29,TRUE,2020-10-29 21:53:51,0
303,pbkdf2_sha256$10000$T0BzrDwfZSrI$pSgvDEam9V9jcdYpYDVkYMMwtSnRrFdf6Aqow82Tjr8=,2021-11-12 07:58:47,0,vestibulum.ut@odioaliquamvulputate.net,1-268-207-1414,Zoe,Morton,0,1,2022-08-02 21:05:17,FALSE,2021-07-17 13:31:30,0
304,pbkdf2_sha256$10000$T0BzrDwfZSrI$pSgvDEam9V9jcdYpYDVkYMMwtSnRrFdf6Aqow82Tjr8=,2022-09-28 09:57:15,0,risus@sedpharetra.co.uk,(555) 619-9631,Anne,Kramer,1,1,2022-01-27 18:53:16,FALSE,2022-09-07 10:23:00,1
305,pbkdf2_sha256$10000$T0BzrDwfZSrI$pSgvDEam9V9jcdYpYDVkYMMwtSnRrFdf6Aqow82Tjr8=,2021-08-02 14:02:27,0,pretium.neque@vitae.co.uk,(138) 603-8403,Dana,Richardson,1,1,2022-03-11 13:10:00,FALSE,2022-07-31 15:00:40,1
306,pbkdf2_sha256$10000$T0BzrDwfZSrI$pSgvDEam9V9jcdYpYDVkYMMwtSnRrFdf6Aqow82Tjr8=,2022-06-09 08:38:51,1,eu.elit@nibhenim.com,(136) 638-2143,William,Moran,1,1,2021-09-15 08:45:13,FALSE,2021-10-14 17:11:47,0
307,pbkdf2_sha256$10000$T0BzrDwfZSrI$pSgvDEam9V9jcdYpYDVkYMMwtSnRrFdf6Aqow82Tjr8=,2020-12-21 03:25:58,0,vitae.diam.proin@non.org,(412) 491-2972,Jermaine,Garrison,1,0,2021-10-01 00:25:05,FALSE,2021-10-24 20:31:52,1
308,pbkdf2_sha256$10000$T0BzrDwfZSrI$pSgvDEam9V9jcdYpYDVkYMMwtSnRrFdf6Aqow82Tjr8=,2021-03-06 17:04:19,0,faucibus.ut@ipsum.co.uk,(583) 625-3755,Jeanette,Allison,0,0,2022-04-05 07:34:36,TRUE,2021-12-30 11:05:27,0
309,pbkdf2_sha256$10000$T0BzrDwfZSrI$pSgvDEam9V9jcdYpYDVkYMMwtSnRrFdf6Aqow82Tjr8=,2021-04-20 17:56:49,0,nulla.donec@malesuadafamesac.com,1-887-458-1431,Bruno,Hopkins,0,1,2020-11-23 13:11:06,FALSE,2022-05-21 00:31:53,0
310,pbkdf2_sha256$10000$T0BzrDwfZSrI$pSgvDEam9V9jcdYpYDVkYMMwtSnRrFdf6Aqow82Tjr8=,2022-10-14 06:43:53,0,ornare@duiscursus.net,(238) 749-3397,Joelle,Hansen,1,1,2022-04-26 12:24:10,FALSE,2022-08-04 03:48:34,0
311,pbkdf2_sha256$10000$T0BzrDwfZSrI$pSgvDEam9V9jcdYpYDVkYMMwtSnRrFdf6Aqow82Tjr8=,2020-10-28 23:07:02,1,diam@sed.com,(217) 677-7935,Hayfa,Navarro,1,0,2021-01-20 22:06:27,TRUE,2021-11-13 09:45:38,1
312,pbkdf2_sha256$10000$T0BzrDwfZSrI$pSgvDEam9V9jcdYpYDVkYMMwtSnRrFdf6Aqow82Tjr8=,2021-07-07 18:20:35,0,in.lorem@dictumeu.co.uk,1-454-554-8216,Rinah,Finley,1,0,2021-04-02 21:55:12,FALSE,2021-06-17 11:00:40,0
313,pbkdf2_sha256$10000$T0BzrDwfZSrI$pSgvDEam9V9jcdYpYDVkYMMwtSnRrFdf6Aqow82Tjr8=,2021-07-27 06:57:56,0,quis.arcu@laoreet.co.uk,1-485-472-3359,Xaviera,Holman,1,1,2021-10-06 02:09:50,FALSE,2021-08-13 20:43:47,0
314,pbkdf2_sha256$10000$T0BzrDwfZSrI$pSgvDEam9V9jcdYpYDVkYMMwtSnRrFdf6Aqow82Tjr8=,2022-02-19 04:24:51,0,a@magnased.edu,(100) 536-1111,Jaden,Blake,1,1,2021-06-28 04:24:31,TRUE,2020-12-11 03:10:42,1
315,pbkdf2_sha256$10000$T0BzrDwfZSrI$pSgvDEam9V9jcdYpYDVkYMMwtSnRrFdf6Aqow82Tjr8=,2022-10-13 14:45:11,1,donec.non@atvelitcras.net,(713) 275-7625,Drew,Harper,1,1,2022-03-12 14:22:55,TRUE,2021-10-05 01:41:25,1
316,pbkdf2_sha256$10000$T0BzrDwfZSrI$pSgvDEam9V9jcdYpYDVkYMMwtSnRrFdf6Aqow82Tjr8=,2021-10-20 14:29:18,0,euismod.mauris@aliquamnec.com,1-927-487-3632,Gail,Rush,0,1,2021-01-13 20:31:49,TRUE,2021-05-17 03:12:48,0
317,pbkdf2_sha256$10000$T0BzrDwfZSrI$pSgvDEam9V9jcdYpYDVkYMMwtSnRrFdf6Aqow82Tjr8=,2021-07-03 06:57:55,0,consectetuer@rhoncus.net,1-863-722-7336,Armand,Coleman,1,0,2022-09-12 17:23:33,TRUE,2021-05-26 17:00:27,1
318,pbkdf2_sha256$10000$T0BzrDwfZSrI$pSgvDEam9V9jcdYpYDVkYMMwtSnRrFdf6Aqow82Tjr8=,2021-04-16 08:33:21,1,egestas.ligula@ultriciesadipiscing.ca,(620) 289-0073,Latifah,Barlow,0,1,2021-11-15 01:58:57,FALSE,2021-03-10 07:41:00,1
319,pbkdf2_sha256$10000$T0BzrDwfZSrI$pSgvDEam9V9jcdYpYDVkYMMwtSnRrFdf6Aqow82Tjr8=,2021-09-30 06:50:02,0,ut.tincidunt@diamseddiam.com,(234) 482-0235,Cade,Bird,1,1,2021-04-28 06:13:27,FALSE,2020-11-02 01:04:52,1
320,pbkdf2_sha256$10000$T0BzrDwfZSrI$pSgvDEam9V9jcdYpYDVkYMMwtSnRrFdf6Aqow82Tjr8=,2022-04-26 00:31:31,1,fermentum.vel.mauris@mauris.org,(375) 189-6201,Bethany,Goff,1,1,2021-09-23 03:43:24,TRUE,2022-08-07 09:09:42,1
321,pbkdf2_sha256$10000$T0BzrDwfZSrI$pSgvDEam9V9jcdYpYDVkYMMwtSnRrFdf6Aqow82Tjr8=,2022-10-23 04:45:43,1,augue.eu.tellus@penatibus.net,(838) 528-6497,Isaiah,Hodge,1,1,2022-07-02 02:33:53,FALSE,2022-04-05 22:54:13,0
322,pbkdf2_sha256$10000$T0BzrDwfZSrI$pSgvDEam9V9jcdYpYDVkYMMwtSnRrFdf6Aqow82Tjr8=,2022-02-16 00:24:36,1,bibendum@aliquam.org,(976) 550-1796,Barrett,Dodson,1,1,2021-04-23 15:47:18,TRUE,2022-03-29 16:09:07,0
323,pbkdf2_sha256$10000$T0BzrDwfZSrI$pSgvDEam9V9jcdYpYDVkYMMwtSnRrFdf6Aqow82Tjr8=,2022-10-04 08:07:41,0,lectus@lorem.org,1-413-572-6230,Yardley,Cummings,0,1,2022-07-02 07:05:40,TRUE,2021-05-26 01:51:59,1
324,pbkdf2_sha256$10000$T0BzrDwfZSrI$pSgvDEam9V9jcdYpYDVkYMMwtSnRrFdf6Aqow82Tjr8=,2021-08-01 09:41:01,1,faucibus.ut@nequesedsem.edu,(951) 723-7364,Ciaran,Gomez,0,1,2021-03-21 08:29:36,TRUE,2020-12-18 14:40:23,0
325,pbkdf2_sha256$10000$T0BzrDwfZSrI$pSgvDEam9V9jcdYpYDVkYMMwtSnRrFdf6Aqow82Tjr8=,2021-12-30 05:16:10,1,cras.vehicula@dapibusrutrum.co.uk,(471) 228-1949,Brandon,Leonard,1,0,2021-06-12 07:08:26,TRUE,2022-06-02 11:42:35,1
326,pbkdf2_sha256$10000$T0BzrDwfZSrI$pSgvDEam9V9jcdYpYDVkYMMwtSnRrFdf6Aqow82Tjr8=,2022-08-25 00:57:57,1,facilisis.vitae@semut.org,1-522-724-8638,Keelie,Underwood,0,0,2021-05-16 00:32:05,FALSE,2022-10-21 10:00:11,1
327,pbkdf2_sha256$10000$T0BzrDwfZSrI$pSgvDEam9V9jcdYpYDVkYMMwtSnRrFdf6Aqow82Tjr8=,2022-08-04 02:07:45,0,ipsum.phasellus@maurissapien.ca,(343) 164-1861,Deacon,Sweet,0,0,2021-06-19 14:57:42,TRUE,2022-01-29 02:48:10,0
328,pbkdf2_sha256$10000$T0BzrDwfZSrI$pSgvDEam9V9jcdYpYDVkYMMwtSnRrFdf6Aqow82Tjr8=,2021-02-17 14:55:00,1,vitae.posuere@eratvivamus.edu,(307) 532-0159,Jescie,Mcgowan,0,0,2022-09-17 03:08:28,TRUE,2020-11-30 04:23:28,1
329,pbkdf2_sha256$10000$T0BzrDwfZSrI$pSgvDEam9V9jcdYpYDVkYMMwtSnRrFdf6Aqow82Tjr8=,2021-11-18 11:28:13,1,fermentum.arcu.vestibulum@nunc.ca,(811) 401-7372,Lane,Holder,1,0,2022-07-02 21:31:18,FALSE,2021-09-24 10:26:25,0
330,pbkdf2_sha256$10000$T0BzrDwfZSrI$pSgvDEam9V9jcdYpYDVkYMMwtSnRrFdf6Aqow82Tjr8=,2020-12-23 11:41:50,1,ultricies@risusdonec.ca,1-853-762-6825,Petra,Edwards,1,0,2020-12-16 01:40:46,FALSE,2021-08-23 02:38:46,0
331,pbkdf2_sha256$10000$T0BzrDwfZSrI$pSgvDEam9V9jcdYpYDVkYMMwtSnRrFdf6Aqow82Tjr8=,2022-07-31 22:34:58,1,montes@pellentesquemassa.edu,(961) 781-6566,Eve,Mckinney,0,0,2021-01-15 20:55:23,FALSE,2021-10-06 14:05:54,0
332,pbkdf2_sha256$10000$T0BzrDwfZSrI$pSgvDEam9V9jcdYpYDVkYMMwtSnRrFdf6Aqow82Tjr8=,2021-08-23 16:46:58,0,quisque.purus@enim.net,1-284-632-4434,Kirsten,Burris,0,0,2021-02-16 13:50:25,FALSE,2022-08-13 23:14:34,1
333,pbkdf2_sha256$10000$T0BzrDwfZSrI$pSgvDEam9V9jcdYpYDVkYMMwtSnRrFdf6Aqow82Tjr8=,2022-08-19 05:40:03,1,massa.quisque@et.org,1-628-414-6399,Patrick,Burton,0,1,2022-02-28 22:07:06,FALSE,2021-07-07 02:50:26,0
334,pbkdf2_sha256$10000$T0BzrDwfZSrI$pSgvDEam9V9jcdYpYDVkYMMwtSnRrFdf6Aqow82Tjr8=,2022-09-26 15:51:24,0,egestas.aliquam@maurisquisturpis.com,(152) 772-2092,Whoopi,Mckay,1,0,2021-04-08 14:13:04,TRUE,2022-06-11 19:26:43,0
335,pbkdf2_sha256$10000$T0BzrDwfZSrI$pSgvDEam9V9jcdYpYDVkYMMwtSnRrFdf6Aqow82Tjr8=,2021-03-01 02:03:57,1,conubia@rhoncusidmollis.co.uk,1-646-128-2355,Griffith,Lowe,0,0,2022-09-14 11:40:47,FALSE,2021-11-17 03:03:36,1
336,pbkdf2_sha256$10000$T0BzrDwfZSrI$pSgvDEam9V9jcdYpYDVkYMMwtSnRrFdf6Aqow82Tjr8=,2021-01-24 15:27:31,1,elementum@congue.ca,1-836-415-1141,Rooney,Bean,0,1,2021-08-25 22:13:58,FALSE,2022-05-15 09:44:10,1
337,pbkdf2_sha256$10000$T0BzrDwfZSrI$pSgvDEam9V9jcdYpYDVkYMMwtSnRrFdf6Aqow82Tjr8=,2022-10-25 19:37:15,1,nunc@crassed.co.uk,1-625-215-1531,Hyatt,Lowe,1,0,2022-09-19 01:25:18,FALSE,2022-01-24 08:51:56,1
338,pbkdf2_sha256$10000$T0BzrDwfZSrI$pSgvDEam9V9jcdYpYDVkYMMwtSnRrFdf6Aqow82Tjr8=,2021-10-08 15:32:08,1,justo.proin@integervulputate.co.uk,1-695-616-9716,Hiram,Armstrong,1,1,2021-04-09 19:20:13,TRUE,2022-06-09 17:19:54,1
339,pbkdf2_sha256$10000$T0BzrDwfZSrI$pSgvDEam9V9jcdYpYDVkYMMwtSnRrFdf6Aqow82Tjr8=,2022-09-29 11:54:43,1,nunc.in@anteipsum.org,1-736-488-6738,Linus,Alvarado,1,0,2021-09-07 21:22:36,FALSE,2022-09-21 06:08:02,0
340,pbkdf2_sha256$10000$T0BzrDwfZSrI$pSgvDEam9V9jcdYpYDVkYMMwtSnRrFdf6Aqow82Tjr8=,2021-02-24 23:15:01,0,eros.proin@arcused.co.uk,(155) 364-8668,Tyler,Chambers,1,1,2022-08-22 10:41:44,FALSE,2022-05-02 17:38:02,0
341,pbkdf2_sha256$10000$T0BzrDwfZSrI$pSgvDEam9V9jcdYpYDVkYMMwtSnRrFdf6Aqow82Tjr8=,2022-03-20 09:36:35,0,consequat.enim@egestas.net,1-745-481-1628,Kalia,Carney,1,1,2021-11-16 09:48:20,TRUE,2021-07-03 22:59:45,0
342,pbkdf2_sha256$10000$T0BzrDwfZSrI$pSgvDEam9V9jcdYpYDVkYMMwtSnRrFdf6Aqow82Tjr8=,2022-03-10 21:59:52,1,etiam@est.edu,(835) 637-2739,Ezra,Garner,0,0,2021-04-27 05:13:17,FALSE,2022-10-11 01:46:06,1
343,pbkdf2_sha256$10000$T0BzrDwfZSrI$pSgvDEam9V9jcdYpYDVkYMMwtSnRrFdf6Aqow82Tjr8=,2022-07-13 05:31:26,1,adipiscing.elit@commodotincidunt.edu,(947) 736-2250,Emi,Washington,0,0,2021-06-11 00:30:10,TRUE,2022-03-07 17:08:20,1
344,pbkdf2_sha256$10000$T0BzrDwfZSrI$pSgvDEam9V9jcdYpYDVkYMMwtSnRrFdf6Aqow82Tjr8=,2021-10-14 00:01:10,1,aliquam@eu.edu,1-885-937-1214,Madeson,Crosby,0,0,2021-09-20 21:41:10,TRUE,2020-12-26 09:39:14,1
345,pbkdf2_sha256$10000$T0BzrDwfZSrI$pSgvDEam9V9jcdYpYDVkYMMwtSnRrFdf6Aqow82Tjr8=,2021-05-03 20:43:36,1,ante.blandit.viverra@justoeu.ca,1-705-957-6723,Kane,Mitchell,1,0,2021-03-25 07:42:09,TRUE,2022-08-31 10:55:27,1
346,pbkdf2_sha256$10000$T0BzrDwfZSrI$pSgvDEam9V9jcdYpYDVkYMMwtSnRrFdf6Aqow82Tjr8=,2021-11-17 06:43:16,0,odio.etiam@placeratvelit.edu,1-242-882-2808,Sean,Parrish,0,1,2021-11-18 13:57:24,FALSE,2022-06-14 03:30:43,0
347,pbkdf2_sha256$10000$T0BzrDwfZSrI$pSgvDEam9V9jcdYpYDVkYMMwtSnRrFdf6Aqow82Tjr8=,2021-12-31 09:42:33,0,gravida.sit@gravidamolestiearcu.edu,(280) 360-5532,Kiona,Wood,1,1,2021-12-25 03:29:04,TRUE,2022-02-19 06:57:36,0
348,pbkdf2_sha256$10000$T0BzrDwfZSrI$pSgvDEam9V9jcdYpYDVkYMMwtSnRrFdf6Aqow82Tjr8=,2022-05-05 23:10:46,0,nulla.eget@purus.com,1-512-538-4575,Noel,Reed,0,1,2021-03-18 05:33:08,FALSE,2021-04-14 22:14:14,0
349,pbkdf2_sha256$10000$T0BzrDwfZSrI$pSgvDEam9V9jcdYpYDVkYMMwtSnRrFdf6Aqow82Tjr8=,2020-12-25 05:54:35,0,molestie@massanon.org,(822) 230-3721,Rigel,Nguyen,1,0,2022-07-31 11:35:44,FALSE,2021-04-17 23:35:06,1
350,pbkdf2_sha256$10000$T0BzrDwfZSrI$pSgvDEam9V9jcdYpYDVkYMMwtSnRrFdf6Aqow82Tjr8=,2021-01-19 06:00:48,0,vel.sapien@anteblanditviverra.net,(895) 842-4801,Bianca,Floyd,0,1,2021-09-29 12:48:32,FALSE,2021-11-15 17:51:12,0
351,pbkdf2_sha256$10000$T0BzrDwfZSrI$pSgvDEam9V9jcdYpYDVkYMMwtSnRrFdf6Aqow82Tjr8=,2021-03-31 02:11:47,1,ut.nisi@metusvivamuseuismod.net,1-159-287-5862,Oliver,Rodriquez,1,0,2020-12-17 15:59:54,FALSE,2021-03-18 02:07:58,0
352,pbkdf2_sha256$10000$T0BzrDwfZSrI$pSgvDEam9V9jcdYpYDVkYMMwtSnRrFdf6Aqow82Tjr8=,2021-07-13 17:59:42,0,tincidunt.vehicula@etpedenunc.org,(421) 744-7943,Hall,Decker,0,0,2021-12-24 13:55:11,FALSE,2021-07-08 05:36:31,1
353,pbkdf2_sha256$10000$T0BzrDwfZSrI$pSgvDEam9V9jcdYpYDVkYMMwtSnRrFdf6Aqow82Tjr8=,2022-04-18 12:21:43,1,in.faucibus.orci@egestaslacinia.co.uk,1-777-431-3816,Lamar,Yates,0,0,2021-09-18 19:55:50,FALSE,2021-12-16 04:59:45,1
354,pbkdf2_sha256$10000$T0BzrDwfZSrI$pSgvDEam9V9jcdYpYDVkYMMwtSnRrFdf6Aqow82Tjr8=,2021-09-30 19:05:43,1,ac.tellus@lacusquisque.org,1-457-249-3502,Gannon,Tran,1,0,2021-12-26 14:44:40,TRUE,2021-12-23 05:52:26,1
355,pbkdf2_sha256$10000$T0BzrDwfZSrI$pSgvDEam9V9jcdYpYDVkYMMwtSnRrFdf6Aqow82Tjr8=,2021-02-01 12:30:55,1,quis.arcu@elitaliquam.edu,(335) 732-9797,Yoshio,Hicks,0,0,2021-01-11 11:36:30,TRUE,2022-07-16 04:47:03,0
356,pbkdf2_sha256$10000$T0BzrDwfZSrI$pSgvDEam9V9jcdYpYDVkYMMwtSnRrFdf6Aqow82Tjr8=,2021-08-30 12:10:53,0,vulputate@aliquet.ca,(863) 354-7462,Bruce,Wade,1,1,2021-06-01 21:19:55,FALSE,2021-06-18 15:13:40,0
357,pbkdf2_sha256$10000$T0BzrDwfZSrI$pSgvDEam9V9jcdYpYDVkYMMwtSnRrFdf6Aqow82Tjr8=,2020-10-26 07:46:33,1,et.eros.proin@cursuspurus.org,1-656-588-8144,Madeson,Sweeney,0,1,2022-09-29 01:52:56,FALSE,2021-05-08 01:34:02,1
358,pbkdf2_sha256$10000$T0BzrDwfZSrI$pSgvDEam9V9jcdYpYDVkYMMwtSnRrFdf6Aqow82Tjr8=,2020-12-21 19:12:23,1,et.eros@ipsumsuspendisse.edu,(352) 332-4620,Ulla,Whitley,1,0,2022-07-06 21:52:23,TRUE,2020-11-16 18:09:11,1
359,pbkdf2_sha256$10000$T0BzrDwfZSrI$pSgvDEam9V9jcdYpYDVkYMMwtSnRrFdf6Aqow82Tjr8=,2021-08-12 00:12:31,1,mauris.elit@estcongue.com,(238) 255-7753,Scott,Holden,0,0,2022-08-27 19:47:13,FALSE,2022-06-10 12:02:25,0
360,pbkdf2_sha256$10000$T0BzrDwfZSrI$pSgvDEam9V9jcdYpYDVkYMMwtSnRrFdf6Aqow82Tjr8=,2022-09-28 13:15:03,0,malesuada@elitsed.ca,(411) 524-4574,Camden,Young,0,0,2022-03-30 03:44:54,FALSE,2022-07-31 14:43:41,1
361,pbkdf2_sha256$10000$T0BzrDwfZSrI$pSgvDEam9V9jcdYpYDVkYMMwtSnRrFdf6Aqow82Tjr8=,2022-05-15 11:27:16,1,tempus.eu.ligula@parturient.edu,1-925-823-7334,Demetria,Calhoun,0,0,2022-09-15 11:54:08,TRUE,2022-07-25 07:57:23,0
362,pbkdf2_sha256$10000$T0BzrDwfZSrI$pSgvDEam9V9jcdYpYDVkYMMwtSnRrFdf6Aqow82Tjr8=,2022-03-14 09:27:30,0,parturient.montes.nascetur@metusvitaevelit.co.uk,(432) 534-3717,Dana,Lowe,0,1,2021-02-14 04:10:48,TRUE,2022-08-24 23:28:22,0
363,pbkdf2_sha256$10000$T0BzrDwfZSrI$pSgvDEam9V9jcdYpYDVkYMMwtSnRrFdf6Aqow82Tjr8=,2021-01-09 20:59:51,0,neque.pellentesque.massa@necluctusfelis.edu,(939) 953-3569,Leslie,Santos,1,0,2021-03-11 01:53:30,TRUE,2021-05-02 11:42:11,0
364,pbkdf2_sha256$10000$T0BzrDwfZSrI$pSgvDEam9V9jcdYpYDVkYMMwtSnRrFdf6Aqow82Tjr8=,2022-03-25 10:05:01,1,risus.donec@phasellusin.co.uk,(728) 521-6768,Martena,Lara,1,1,2022-03-03 01:31:31,TRUE,2020-11-04 19:55:14,0
365,pbkdf2_sha256$10000$T0BzrDwfZSrI$pSgvDEam9V9jcdYpYDVkYMMwtSnRrFdf6Aqow82Tjr8=,2022-01-04 13:20:47,1,cum@pede.co.uk,1-321-616-2167,Nicole,Reid,1,1,2021-08-28 01:29:23,FALSE,2022-09-18 12:58:06,0
366,pbkdf2_sha256$10000$T0BzrDwfZSrI$pSgvDEam9V9jcdYpYDVkYMMwtSnRrFdf6Aqow82Tjr8=,2022-05-07 07:47:19,0,nunc@quistristique.edu,1-294-945-9881,Genevieve,Meyers,0,0,2020-10-25 17:40:42,TRUE,2021-08-24 13:22:40,1
367,pbkdf2_sha256$10000$T0BzrDwfZSrI$pSgvDEam9V9jcdYpYDVkYMMwtSnRrFdf6Aqow82Tjr8=,2021-10-07 06:20:25,1,felis.nulla.tempor@fermentum.ca,(864) 285-8547,Jarrod,Shepard,0,1,2021-11-16 00:09:43,FALSE,2022-07-03 01:52:33,1
368,pbkdf2_sha256$10000$T0BzrDwfZSrI$pSgvDEam9V9jcdYpYDVkYMMwtSnRrFdf6Aqow82Tjr8=,2021-12-05 23:42:42,0,ornare.placerat@uttinciduntvehicula.edu,(374) 428-6365,Charles,Hayden,0,1,2022-08-21 03:00:40,FALSE,2021-04-08 13:44:51,0
369,pbkdf2_sha256$10000$T0BzrDwfZSrI$pSgvDEam9V9jcdYpYDVkYMMwtSnRrFdf6Aqow82Tjr8=,2022-02-09 03:22:06,1,sodales@erateget.org,(163) 476-8488,Sara,Mcneil,0,0,2021-11-03 00:54:46,TRUE,2021-01-08 17:02:36,0
370,pbkdf2_sha256$10000$T0BzrDwfZSrI$pSgvDEam9V9jcdYpYDVkYMMwtSnRrFdf6Aqow82Tjr8=,2021-01-17 14:34:44,0,sit.amet@augueid.ca,1-231-668-2362,Dexter,Bird,1,0,2021-02-28 16:45:52,FALSE,2021-01-22 16:39:29,0
371,pbkdf2_sha256$10000$T0BzrDwfZSrI$pSgvDEam9V9jcdYpYDVkYMMwtSnRrFdf6Aqow82Tjr8=,2021-07-10 16:13:53,0,magna.sed@musproin.com,1-854-717-0710,Xena,Sanford,0,1,2022-04-27 17:40:53,TRUE,2022-09-13 09:17:37,1
372,pbkdf2_sha256$10000$T0BzrDwfZSrI$pSgvDEam9V9jcdYpYDVkYMMwtSnRrFdf6Aqow82Tjr8=,2022-01-28 21:13:16,0,diam.eu.dolor@molestiesed.com,1-957-280-7574,Sasha,Hampton,0,0,2022-03-30 08:26:54,TRUE,2021-02-04 04:22:45,0
373,pbkdf2_sha256$10000$T0BzrDwfZSrI$pSgvDEam9V9jcdYpYDVkYMMwtSnRrFdf6Aqow82Tjr8=,2020-11-22 05:25:12,1,vitae@auctorvitaealiquet.com,1-978-231-8381,Callum,Newton,1,1,2021-10-22 19:00:08,TRUE,2022-04-22 05:10:26,1
374,pbkdf2_sha256$10000$T0BzrDwfZSrI$pSgvDEam9V9jcdYpYDVkYMMwtSnRrFdf6Aqow82Tjr8=,2021-11-16 01:15:21,0,tincidunt.vehicula@sociis.ca,(425) 504-5708,Amanda,Carroll,1,1,2022-06-27 20:25:14,FALSE,2022-08-29 13:14:05,0
375,pbkdf2_sha256$10000$T0BzrDwfZSrI$pSgvDEam9V9jcdYpYDVkYMMwtSnRrFdf6Aqow82Tjr8=,2022-06-07 13:33:04,1,eros.non@tellus.com,(570) 910-5568,Fitzgerald,Wilder,0,0,2021-09-28 00:05:24,FALSE,2021-05-20 15:04:35,0
376,pbkdf2_sha256$10000$T0BzrDwfZSrI$pSgvDEam9V9jcdYpYDVkYMMwtSnRrFdf6Aqow82Tjr8=,2022-02-22 08:55:25,1,duis@aliquam.com,1-140-161-4376,Quemby,Fox,1,1,2021-12-02 14:55:26,FALSE,2021-10-17 01:18:23,1
377,pbkdf2_sha256$10000$T0BzrDwfZSrI$pSgvDEam9V9jcdYpYDVkYMMwtSnRrFdf6Aqow82Tjr8=,2021-08-24 23:10:20,0,nulla.dignissim@cras.co.uk,(474) 491-7542,Alana,Pena,1,1,2022-06-02 15:45:47,TRUE,2021-11-27 07:11:08,0
378,pbkdf2_sha256$10000$T0BzrDwfZSrI$pSgvDEam9V9jcdYpYDVkYMMwtSnRrFdf6Aqow82Tjr8=,2021-02-03 23:03:36,1,maecenas.mi@aliquetdiam.com,(473) 219-0739,Lenore,Johnston,0,0,2022-08-04 14:39:08,FALSE,2021-10-06 09:28:59,1
379,pbkdf2_sha256$10000$T0BzrDwfZSrI$pSgvDEam9V9jcdYpYDVkYMMwtSnRrFdf6Aqow82Tjr8=,2021-04-20 01:03:29,1,consectetuer.rhoncus@eleifendnon.ca,(651) 667-6008,Geoffrey,Pugh,0,1,2022-09-26 17:03:48,TRUE,2022-05-27 14:22:32,0
380,pbkdf2_sha256$10000$T0BzrDwfZSrI$pSgvDEam9V9jcdYpYDVkYMMwtSnRrFdf6Aqow82Tjr8=,2022-10-12 00:41:22,0,hymenaeos@milorem.co.uk,(860) 477-8284,Kessie,Daugherty,0,0,2022-09-30 01:16:42,TRUE,2022-03-08 13:40:13,1
381,pbkdf2_sha256$10000$T0BzrDwfZSrI$pSgvDEam9V9jcdYpYDVkYMMwtSnRrFdf6Aqow82Tjr8=,2021-09-02 09:38:21,0,arcu.vestibulum.ut@libero.com,(351) 435-5210,Ifeoma,Macias,0,0,2020-12-28 17:00:15,TRUE,2022-07-29 03:48:29,0
382,pbkdf2_sha256$10000$T0BzrDwfZSrI$pSgvDEam9V9jcdYpYDVkYMMwtSnRrFdf6Aqow82Tjr8=,2021-01-09 11:36:57,1,ridiculus.mus@enim.com,(708) 921-7808,Zelenia,Phelps,0,1,2021-05-01 20:23:19,TRUE,2021-12-22 14:29:10,1
383,pbkdf2_sha256$10000$T0BzrDwfZSrI$pSgvDEam9V9jcdYpYDVkYMMwtSnRrFdf6Aqow82Tjr8=,2021-07-26 15:54:16,0,vitae.purus@maurisut.ca,(636) 634-8646,Madeline,Brennan,0,0,2020-12-05 17:48:13,TRUE,2021-08-31 03:47:08,0
384,pbkdf2_sha256$10000$T0BzrDwfZSrI$pSgvDEam9V9jcdYpYDVkYMMwtSnRrFdf6Aqow82Tjr8=,2021-01-11 19:58:28,1,vitae@liberomaurisaliquam.net,(645) 468-4447,Gloria,Cunningham,0,0,2022-10-04 04:44:12,TRUE,2021-05-09 02:22:07,0
385,pbkdf2_sha256$10000$T0BzrDwfZSrI$pSgvDEam9V9jcdYpYDVkYMMwtSnRrFdf6Aqow82Tjr8=,2022-04-05 02:20:03,1,erat.vel@nequenon.com,(233) 439-8833,Tatum,Wright,0,0,2021-12-22 22:49:52,TRUE,2021-10-30 10:17:22,1
386,pbkdf2_sha256$10000$T0BzrDwfZSrI$pSgvDEam9V9jcdYpYDVkYMMwtSnRrFdf6Aqow82Tjr8=,2020-11-10 22:48:14,1,a.felis@atpede.edu,1-792-530-1863,Arsenio,Stevenson,1,1,2022-04-04 11:46:10,FALSE,2022-06-16 21:35:03,1
387,pbkdf2_sha256$10000$T0BzrDwfZSrI$pSgvDEam9V9jcdYpYDVkYMMwtSnRrFdf6Aqow82Tjr8=,2021-03-06 05:24:44,1,commodo.tincidunt@nonantebibendum.com,(765) 965-2532,Elton,Bartlett,1,0,2021-12-23 11:54:27,FALSE,2021-03-19 09:54:24,0
388,pbkdf2_sha256$10000$T0BzrDwfZSrI$pSgvDEam9V9jcdYpYDVkYMMwtSnRrFdf6Aqow82Tjr8=,2021-05-15 04:49:34,1,aliquam@cursus.net,1-452-259-0458,Ishmael,Nicholson,0,0,2022-04-28 03:54:40,TRUE,2022-09-07 07:34:55,1
389,pbkdf2_sha256$10000$T0BzrDwfZSrI$pSgvDEam9V9jcdYpYDVkYMMwtSnRrFdf6Aqow82Tjr8=,2022-04-24 08:44:00,0,purus@dictumplacerataugue.org,(636) 760-3708,Plato,Rhodes,0,1,2020-12-18 13:24:42,FALSE,2021-07-07 16:21:42,1
390,pbkdf2_sha256$10000$T0BzrDwfZSrI$pSgvDEam9V9jcdYpYDVkYMMwtSnRrFdf6Aqow82Tjr8=,2022-09-06 07:55:39,1,curabitur.consequat.lectus@liberointegerin.com,1-486-445-3568,Jamal,Larson,1,0,2021-04-13 17:13:44,TRUE,2021-02-21 03:54:08,0
391,pbkdf2_sha256$10000$T0BzrDwfZSrI$pSgvDEam9V9jcdYpYDVkYMMwtSnRrFdf6Aqow82Tjr8=,2021-03-17 21:00:57,0,arcu.eu@natoquepenatibus.net,1-621-873-5251,Christine,Mcgowan,1,0,2021-04-13 05:49:44,TRUE,2022-09-15 12:26:36,0
392,pbkdf2_sha256$10000$T0BzrDwfZSrI$pSgvDEam9V9jcdYpYDVkYMMwtSnRrFdf6Aqow82Tjr8=,2022-02-05 11:15:46,1,vel.arcu@enimsit.com,(710) 899-7588,Rylee,Forbes,0,0,2021-01-25 19:31:21,TRUE,2022-06-25 02:39:33,0
393,pbkdf2_sha256$10000$T0BzrDwfZSrI$pSgvDEam9V9jcdYpYDVkYMMwtSnRrFdf6Aqow82Tjr8=,2022-01-20 02:03:15,0,cursus@lectusrutrum.net,(831) 934-2532,Dennis,White,0,0,2020-11-02 09:25:45,TRUE,2021-04-28 04:15:15,0
394,pbkdf2_sha256$10000$T0BzrDwfZSrI$pSgvDEam9V9jcdYpYDVkYMMwtSnRrFdf6Aqow82Tjr8=,2021-01-13 05:20:49,1,ac.fermentum@penatibus.ca,(771) 282-8292,Stephanie,Mcguire,0,0,2020-10-26 03:29:56,FALSE,2020-12-31 08:47:35,0
395,pbkdf2_sha256$10000$T0BzrDwfZSrI$pSgvDEam9V9jcdYpYDVkYMMwtSnRrFdf6Aqow82Tjr8=,2020-12-20 18:31:14,1,nulla.tincidunt.neque@duisdignissimtempor.co.uk,1-843-841-6774,Christine,Hill,0,1,2020-11-12 15:26:11,TRUE,2022-06-18 18:37:28,1
396,pbkdf2_sha256$10000$T0BzrDwfZSrI$pSgvDEam9V9jcdYpYDVkYMMwtSnRrFdf6Aqow82Tjr8=,2021-03-14 22:14:27,0,congue.elit@egetvenenatis.ca,1-282-960-2576,Hashim,Baird,1,1,2021-10-09 23:09:56,TRUE,2022-08-23 00:14:18,1
397,pbkdf2_sha256$10000$T0BzrDwfZSrI$pSgvDEam9V9jcdYpYDVkYMMwtSnRrFdf6Aqow82Tjr8=,2022-07-03 13:13:00,1,nulla.cras@nuncmaurismorbi.net,(768) 874-7874,Buckminster,Battle,1,1,2022-08-03 00:19:43,FALSE,2022-04-27 03:21:47,0
398,pbkdf2_sha256$10000$T0BzrDwfZSrI$pSgvDEam9V9jcdYpYDVkYMMwtSnRrFdf6Aqow82Tjr8=,2022-09-18 06:09:18,1,mauris.rhoncus@afelis.com,1-390-428-7235,Heidi,Salinas,0,1,2021-11-23 02:03:56,TRUE,2021-01-27 07:19:04,1
399,pbkdf2_sha256$10000$T0BzrDwfZSrI$pSgvDEam9V9jcdYpYDVkYMMwtSnRrFdf6Aqow82Tjr8=,2022-01-13 19:51:44,1,augue.malesuada@lacuspede.co.uk,1-220-586-1970,Kirsten,Cantu,1,1,2022-09-22 10:45:48,FALSE,2022-03-07 08:29:22,0
400,pbkdf2_sha256$10000$T0BzrDwfZSrI$pSgvDEam9V9jcdYpYDVkYMMwtSnRrFdf6Aqow82Tjr8=,2021-07-22 20:46:02,1,blandit.congue@etmagnis.net,1-277-611-7396,Lucian,Rose,1,0,2021-10-30 11:00:04,FALSE,2022-01-12 14:22:42,0
401,pbkdf2_sha256$10000$T0BzrDwfZSrI$pSgvDEam9V9jcdYpYDVkYMMwtSnRrFdf6Aqow82Tjr8=,2021-09-06 11:33:18,1,lectus@ante.ca,(276) 741-8150,Quemby,Sargent,0,1,2022-05-17 17:10:39,FALSE,2021-02-20 15:30:05,1
402,pbkdf2_sha256$10000$T0BzrDwfZSrI$pSgvDEam9V9jcdYpYDVkYMMwtSnRrFdf6Aqow82Tjr8=,2022-10-19 06:00:37,0,diam.dictum.sapien@dolor.co.uk,(871) 725-7277,Isabella,Parsons,0,0,2021-03-23 16:58:15,TRUE,2022-05-10 10:49:31,0
403,pbkdf2_sha256$10000$T0BzrDwfZSrI$pSgvDEam9V9jcdYpYDVkYMMwtSnRrFdf6Aqow82Tjr8=,2022-04-27 01:20:16,1,aliquet.metus.urna@sem.org,1-517-586-7023,Xantha,Hodge,1,0,2020-11-20 10:01:23,TRUE,2020-12-25 02:55:44,1